text,label,true_label,predicted_label,confidence,confidence_margin,word_count,probability_world,probability_sports,probability_business,probability_sci_tech,confusion_pair
"Ljubicic Downs Hanescu at Open De Moselle Top-seeded Ivan Ljubicic of Croatia beat Victor Hanescu of Romania 6-4, 6-4 Tuesday in the first round of the Open de Moselle.",0,World,Sports,0.9978512525558472,0.995965949841775,29,0.0018853027140721679,0.9978512525558472,0.0001722698798403144,9.119931928580627e-05,World -> Sports
"World briefs LONDON - A man wielding a machete and a knife attacked two security guards at the building housing the headquarters of the British domestic intelligence service MI5 on Friday, police said.",2,Business,World,0.9976984858512878,0.9963022969895974,33,0.9976984858512878,0.00024247758847195655,0.0006627780385315418,0.0013961888616904616,Business -> World
"Argentina Beats U.S. Men's Basketball Team Argentina defeated the United States team of National Basketball Association stars 89-81 here Friday in the Olympic semi-finals, dethroning the three-time defending champions.",0,World,Sports,0.997530996799469,0.9958712422521785,29,0.001659754547290504,0.997530996799469,0.0005539880366995931,0.0002553503727540374,World -> Sports
"Philippines mourns dead in Russian school siege The Philippines Saturday expressed ""deepest sympathy "" to the families of the dead in the Russian school siege on Friday, in which 322 people were killed when Russian troops stormed",3,Sci/Tech,World,0.9972412586212158,0.9953849967569113,37,0.9972412586212158,0.00022083443764131516,0.0018562618643045425,0.0006815679953433573,Sci/Tech -> World
"Serial HIV Assault Verdict Expected Mon. (AP) AP - A verdict will be announced Monday in the trial of a man charged with intentionally exposing 17 women to HIV, a county judge said.",3,Sci/Tech,World,0.9971680045127869,0.9949404872022569,33,0.9971680045127869,0.00042714178562164307,0.0001773830153979361,0.0022275173105299473,Sci/Tech -> World
"Argentina Basketball Coach Magnano Quits Ruben Magnano, who coached Argentina to the Olympic basketball gold medal in Athens, resigned Thursday to accept a coaching job in Italy.",0,World,Sports,0.996672511100769,0.9945074375718832,27,0.0021650735288858414,0.996672511100769,0.0008007449214346707,0.0003616358444560319,World -> Sports
Bryant Makes First Appearance at Trial (AP) AP - NBA star Kobe Bryant arrived at his sexual assault trial Monday as attorneys in the case who spent the weekend poring over questionnaires prepared to question potential jurors individually.,3,Sci/Tech,Sports,0.9966703057289124,0.9940333750564605,38,0.0026369306724518538,0.9966703057289124,0.00026720089954324067,0.0004255887179169804,Sci/Tech -> Sports
"Gas prices up 5 cents after Hurricane Ivan CAMARILLO, Calif. - Gas prices jumped more than 5 cents a gallon in the past two weeks, largely because of supply problems related to Hurricane Ivan, an industry analyst said.",3,Sci/Tech,Business,0.9964219331741333,0.9942163340747356,38,0.0022055990993976593,0.00011245084897382185,0.9964219331741333,0.0012600355548784137,Sci/Tech -> Business
"Oil prices bubble to record high The price of oil has continued its sharp rise overnight, closing at a record high. The main contract in New York, light sweet crude for delivery next month, has closed at a record $US46.75 a barrel - up 70 cents on yesterday's close.",0,World,Business,0.9962504506111145,0.9939273062627763,49,0.0023231443483382463,0.0001915746252052486,0.9962504506111145,0.0012349073076620698,World -> Business
"Another homicide in Holland It is a sad day. In what seems to be another politically inspired homicide in Holland, Dutch filmmaker, and controversial columnist Theo van Gogh was brutally murdered in the streets of Amsterdam this morning.",3,Sci/Tech,World,0.9960554838180542,0.9939983549993485,38,0.9960554838180542,0.0009226676193065941,0.0009647679980844259,0.002057128818705678,Sci/Tech -> World
"Greenspan: Debt, home prices not dangerous The record level of debt carried by American households and soaring home prices do not appear to represent serious threats to the US economy, Federal Reserve Chairman Alan Greenspan said Tuesday.",3,Sci/Tech,Business,0.9959955215454102,0.9936252033803612,37,0.002370318165048957,0.00010386208305135369,0.9959955215454102,0.0015302866231650114,Sci/Tech -> Business
Bush Scraps Most U.S. Sanctions on Libya (Reuters) Reuters - President Bush on Monday formally ended the U.S. trade embargo on Libya to reward it for giving up weapons of mass destruction but left in place U.S. terrorism-related sanctions.,3,Sci/Tech,World,0.9958578944206238,0.9937961047980934,39,0.9958578944206238,0.000106444327684585,0.0019738501869142056,0.002061789622530341,Sci/Tech -> World
"French Take Gold, Bronze in Single Kayak ATHENS, Greece - Winning on whitewater runs in the family for Frenchman Benoit Peschier, though an Olympic gold is something new. Peschier paddled his one-man kayak aggressively but penalty free in both his semifinal and final runs on the manmade Olympic ...",1,Sports,World,0.9954572916030884,0.9921836571302265,49,0.9954572916030884,0.003273634472861886,0.000630559807177633,0.00063847511773929,Sports -> World
Brewers buyer expected to step out of the shadows Monday MILWAUKEE - Paul Attanasio says the story of his brother buying a baseball team is like a script straight out of Hollywood. He should know.,2,Business,Sports,0.9942880272865295,0.990824761101976,35,0.00171013327781111,0.9942880272865295,0.003463266184553504,0.0005385495605878532,Business -> Sports
"US economic growth slips to 2.8 Annual US economic growth fell to 2.8 in the second quarter of 2004, marking a slowdown from the 3 estimated a month ago.",0,World,Business,0.9941430687904358,0.9912926859688014,29,0.002850382821634412,0.0001816801814129576,0.9941430687904358,0.002824831521138549,World -> Business
"Embattled Mortgage Giant Agrees to Meet New Standards Fannie Mae agreed to keep more cash on hand while it corrects accounting problems, a U.S. regulator said.",0,World,Business,0.9940802454948425,0.990869510686025,26,0.003210734808817506,0.00016954117745626718,0.9940802454948425,0.002539446111768484,World -> Business
"U.S. to Allow Some Telemarketing 'Robo Calls' WASHINGTON (Reuters) - Telemarketers will be able to use prerecorded ""robo calls"" to stay in touch with established customers starting next week -- at least for the short term, U.S. regulators said Friday.",3,Sci/Tech,Business,0.9939711093902588,0.9896108051761985,40,0.00152018538210541,0.00014834280591458082,0.9939711093902588,0.0043603042140603065,Sci/Tech -> Business
"World's oldest man dies aged 113 The world's oldest man, who gave up driving at 108 because ""slow drivers annoyed him"", dies at 113.",0,World,Sports,0.9938814640045166,0.9887031023390591,24,0.005178361665457487,0.9938814640045166,0.0007257272955030203,0.00021446820755954832,World -> Sports
Banks seek court ruling over F1 Three banks go to the High Court in London seeking a ruling which could lead to Bernie Ecclestone losing control of Formula One racing.,2,Business,Sports,0.9937897324562073,0.9906055952887982,30,0.0031841371674090624,0.9937897324562073,0.0026282789185643196,0.00039779950748197734,Business -> Sports
"Post-Olympic Greece tightens purse, sells family silver to fill budget holes (AFP) AFP - Squeezed by a swelling public deficit and debt following last month's costly Athens Olympics, the Greek government said it would cut defence spending and boost revenue by 1.5 billion euros (1.84 billion dollars) in privatisation receipts.",2,Business,World,0.9936588406562805,0.9908550039399415,50,0.9936588406562805,0.0011748640099540353,0.002803836716338992,0.0023624952882528305,Business -> World
Before-the-Bell: GenCorp Falls 5.6 Pct. (Reuters) Reuters - Shares of GenCorp Inc. fell 5.6 percent before the opening bell on Monday after investment fund Steel Partners withdrew its proposal to acquire the aerospace and real estate company.,3,Sci/Tech,Business,0.9933938384056091,0.9889854909852147,37,0.0020965354051440954,0.00010123608080903068,0.9933938384056091,0.004408347420394421,Sci/Tech -> Business
"Caterpillar snaps up another remanufacturer of engines PEORIA - Caterpillar Inc. said Wednesday it will acquire a South Carolina remanufacturer of engines and automatic transmissions, increasing its US employment base by 500 people.",3,Sci/Tech,Business,0.9933485388755798,0.9885772005654871,33,0.0015544453635811806,0.00032567320158705115,0.9933485388755798,0.004771338310092688,Sci/Tech -> Business
"Linux: Paris weighs a shift to open-source camp PARIS The open-source computer system known as Linux won a tough battle over Microsoft earlier this year when the city of Munich decided to change the operating software of 14,000 government computers, despite the personal intervention of Steve Ballmer",2,Business,Sci/Tech,0.9930538535118103,0.9871454578824341,47,0.0008862960967235267,0.00015139963943511248,0.005908395629376173,0.9930538535118103,Business -> Sci/Tech
"Product Previews palmOneUpgrades Treo With Faster Chip, Better Display With more than 600,000 units shipped, the Treo 600 is one of the big smartphone success stories. Last week, palmOne introduced the follow-on Treo 650 with a higher resolution 320-by-320-pixel TFT screen, which the company claims increases the visible area of the display and makes pictures and documents much clearer. The 650 also carries a removable battery; 32MB of flash memory, and a faster 312MHz, Intel XScale processor. Improved multimedia features include a built-in MP3 player, a digital camera with improved low-light capabilities, as well as video capture and playback functionality. Products are expected to ship by years end from some carriers who will add their own services, and will be priced at about $499. Treo 650, palmOne",2,Business,Sci/Tech,0.9925646781921387,0.9856738201342523,127,0.00040759812691248953,0.0001367732766084373,0.006890858057886362,0.9925646781921387,Business -> Sci/Tech
"Man arrested for fatally stabbing elderly parents SAITAMA -- A middle-aged man who fatally stabbed his parents has been arrested, police said. Hideo Nakajima, an unemployed man from Soka, Saitama Prefecture, apparently called police shortly before 8 pm, Wednesday.",3,Sci/Tech,World,0.9925628304481506,0.9892804701812565,39,0.9925628304481506,0.0009900432778522372,0.0031647426076233387,0.003282360266894102,Sci/Tech -> World
"Mars water tops science honours The discovery that salty, acidic water once flowed across the surface of Mars has topped a list of the 10 key scientific advances of 2004.",0,World,Sci/Tech,0.9923741221427917,0.9867282994091511,30,0.005645822733640671,0.00018336610810365528,0.0017967370804399252,0.9923741221427917,World -> Sci/Tech
"DreamWorks Animation IPO Set at 29M Shares Underwriters for DreamWorks Animation SKG Inc., producer of the blockbuster ""Shrek"" movies, Tuesday set the terms of the company's pending initial public offering at 29 million common shares, with an estimated price range of $23 to $25 a share.",3,Sci/Tech,Business,0.992345929145813,0.986764321103692,46,0.0018221597420051694,0.00025027329684235156,0.992345929145813,0.0055816080421209335,Sci/Tech -> Business
Amazon Snaps Up China's Largest Web Retailer (NewsFactor) NewsFactor - Amazon.com (Nasdaq: AMZN) has said it will buy Joyo.com Limited -- a British Virgin Islands company that operates the largest Internet retail Web site in China -- for US $75 million.,2,Business,Sci/Tech,0.9916362762451172,0.985587066039443,41,0.0021622723434120417,0.00015227688709273934,0.0060492102056741714,0.9916362762451172,Business -> Sci/Tech
Ban for former Ahold executives Dutch retailer Ahold's former chairman and its ex-finance officer are barred from executive posts as part of a US fraud case settlement.,0,World,Business,0.9915647506713867,0.9870569808408618,27,0.0037566341925412416,0.00017084763385355473,0.9915647506713867,0.004507769830524921,World -> Business
Indonesian diplomats asked to help improve RI's bad image JAKARTA (Antara): President Susilo Yudhoyono asked Indonesian diplomats on Monday to help the government improve Indonesia's bad image.,2,Business,World,0.9914880990982056,0.9842264377512038,27,0.9914880990982056,0.00018951747915707529,0.007261661347001791,0.0010607405565679073,Business -> World
"Sony, IBM, Toshiba Give Details of 'Cell' Chip (Reuters) Reuters - IBM , Sony Corp. (6758.T) and Toshiba Corp. (6502.T) on Monday revealed their plans for the powerful new ""Cell"" processor the three are jointly producing to run next-generation computers, game consoles and televisions.",2,Business,Sci/Tech,0.9912522435188293,0.9838004005141556,44,0.0011538001708686352,0.00014212213864084333,0.007451843004673719,0.9912522435188293,Business -> Sci/Tech
Retailers Looking to Move Plasma TV's (AP) AP - Hanging stockings by the chimney with care? Retailers hope that St. Nicholas soon will be there — to hang a 42-inch plasma-screen TV.,2,Business,Sci/Tech,0.9912267327308655,0.9854706269688904,32,0.00575610576197505,0.000479106733109802,0.0025379948783665895,0.9912267327308655,Business -> Sci/Tech
"Dow Jones Agrees to Buy MarketWatch in $519 Million Deal Dow Jones Company, the publisher of The Wall Street Journal, has agreed to buy MarketWatch, the parent company of the financial news Web site CBS MarketWatch, for approximately $519 million, the companies said today.",0,World,Business,0.9911929965019226,0.9837758536450565,44,0.001261819270439446,0.00012802999117411673,0.9911929965019226,0.007417142856866121,World -> Business
"Legendary all-rounder Miller dies Keith Miller, arguably Australia's greatest all-rounder in Test cricket, has died in Melbourne aged 84.",0,World,Sports,0.9905059933662415,0.9819458518177271,19,0.008560141548514366,0.9905059933662415,0.0006842006114311516,0.000249767821514979,World -> Sports
"Hurricane center's projection on Charley not far off, data show FORT LAUDERDALE, Fla. - (KRT) - Despite criticism that it should have better anticipated Hurricane Charley's rapid intensification and quick turn, the National Hurricane Center's forecast wasn't that far off, a preliminary post-mortem shows.",3,Sci/Tech,Business,0.9902464151382446,0.984550750348717,44,0.005695664789527655,0.0005499639664776623,0.9902464151382446,0.003507991787046194,Sci/Tech -> Business
"Adobe updates RAW plug-in with digital negative format Adobe has updated Photoshop's support for digital cameras ' RAW image formats. The new plug-in adds to the number of camera models supported and includes a utility for converting images into the DNG, digital negative format.",2,Business,Sci/Tech,0.9901184439659119,0.9812235403805971,44,0.0008199548465199769,0.00016676798986736685,0.00889490358531475,0.9901184439659119,Business -> Sci/Tech
"Special to ESPN.com It's the age old question: ""What do you give to the man who's been everything? "". Only time will tell whether Phil Knight's retirement will be as long-lived as so many players he paid to endorse Nike.",2,Business,Sports,0.9900744557380676,0.9842970785684884,40,0.0011455349158495665,0.9900744557380676,0.0057773771695792675,0.0030025870073586702,Business -> Sports
"Toshiba claims Hollywood backing in war for next DVD standard (AFP) AFP - Toshiba said four major Hollywood studios had thrown their crucial weight behind High Definition DVD (HD-DVD), one of two disc formats contending to be the standard in next-generation DVDs.",0,World,Sci/Tech,0.9898678064346313,0.981077566742897,42,0.008790239691734314,0.0002176825364585966,0.0011242303298786283,0.9898678064346313,World -> Sci/Tech
Erdogan Believes European Council's Decision Will Be A Milestone PARIS - Turkish PM Recep Tayyip Erdogan expressed belief on Thursday that the decision that the European Council would make on December 17th (on whether and when to open negotiations with Turkey) would be a milestone for not only Turkey-(EU) relations,2,Business,World,0.9898354411125183,0.9814606783911586,50,0.9898354411125183,0.0002394763141637668,0.00837476272135973,0.0015502874739468098,Business -> World
"Producer Price Surge Fuels Inflation Fears Producer prices surged 1.7 percent in October, their sharpest monthly increase in nearly 15 years.",0,World,Business,0.9891020655632019,0.9807416321709752,21,0.008360433392226696,0.00010294374806107953,0.9891020655632019,0.002434579888358712,World -> Business
"Black Market in British Treasure Sold on EBay (Reuters) Reuters - Pieces of Britain's past, including a second-century silver ring and a 500-year-old Tudor trade weight, are among artifacts being peddled daily on the Internet to the alarm of experts at the British Museum.",0,World,Sci/Tech,0.9890651702880859,0.9809772903099656,44,0.0025528145488351583,0.00029417002224363387,0.008087879978120327,0.9890651702880859,World -> Sci/Tech
"Intel planning Centrino-like brand for desktops Intel is preparing a marketing strategy that will brand desktop PCs with a similar label that made its Centrino notebook technology a household name, according to sources familiar with the company's plans.",2,Business,Sci/Tech,0.9886795878410339,0.9781777076423168,38,0.0006812246865592897,0.00013727214536629617,0.010501880198717117,0.9886795878410339,Business -> Sci/Tech
Federal CISOs Rank Patch Management As Biggest Obstacle Survey by Intelligent Decisions indicates that patch management leaves less time for chief information security officers to work on improving overall security.,2,Business,Sci/Tech,0.9886381030082703,0.9788470948114991,30,0.0014060105895623565,0.00016489160771016032,0.009791008196771145,0.9886381030082703,Business -> Sci/Tech
"Howard Stern Says He Plans to Jump to Satellite Radio After heavy F.C.C. fines, Howard Stern expects to deliver ""my show my way"" in the mostly unregulated medium.",0,World,Business,0.9886194467544556,0.9817318683490157,28,0.004190301988273859,0.0003027668863069266,0.9886194467544556,0.006887578405439854,World -> Business
"Israel to close Erez industrial zone before March Israel would start liquidating the Erez industrial zone in the northern Gaza Strip before launching the first stage of the disengagement plan in March 2005,local newspaper Ha 'aretz reported on Tuesday.",2,Business,World,0.9885552525520325,0.9795355275273323,39,0.9885552525520325,0.00018674334569368511,0.009019725024700165,0.002238294342532754,Business -> World
"BlueGene sneaks past Earth Simulator The Earth Simulator, an NEC supercomputer, is surpassed, at last. IBM announced yesterday that its Blue Gene/L supercomputer had achieved a sustained performance of 36.",2,Business,Sci/Tech,0.9884465932846069,0.9777247346937656,30,0.0006846935139037669,0.00014687329530715942,0.010721858590841293,0.9884465932846069,Business -> Sci/Tech
"EU foreign ministers hope to break deadlock over ASEM summit The European Union said Friday it ""hoped to reach a conclusion "" at a meeting of foreign ministers on the participation of military-ruled Myanmar in an upcoming summit of Asian and European nations.",2,Business,World,0.9880465269088745,0.9781513372436166,43,0.9880465269088745,0.00020507286535575986,0.00989518966525793,0.001853177440352738,Business -> World
"Rumors Suggest Photo Ability To Be Added to iPod ""Apple has invested heavily in technology to edit pictures. Not having a portable device to show them seemed an obvious oversight that would be corrected once the price of the displays",2,Business,Sci/Tech,0.9876726269721985,0.9763280106708407,40,0.0007883943617343903,0.00019433342094998807,0.011344616301357746,0.9876726269721985,Business -> Sci/Tech
"Schwarzenegger Vows to Defend Emissions Law Toyota, General Motors and seven other automakers filed suit to block California's new greenhouse gas regulation, which was approved by the state in September.",0,World,Business,0.9875577688217163,0.9791888389736414,30,0.003943192306905985,0.000130105487187393,0.9875577688217163,0.008368929848074913,World -> Business
Rumours surround Google browser The search giant Google is rumoured to be working on its own web browser.,2,Business,Sci/Tech,0.9875178933143616,0.9776108264923096,18,0.0023750034160912037,0.00020001173834316432,0.009907066822052002,0.9875178933143616,Business -> Sci/Tech
"Oil Eases as Iraq Resumes Exports <p> </p><p> By Andrew Mitchell</p><p> LONDON (Reuters) - High-flying oil prices eased for a second session on Monday as Iraq resumed exports from both its northern and southern outlets after lengthy disruption, despite fierce fighting in the holy city of Najaf.</p>",2,Business,World,0.9874832630157471,0.9782385630533099,47,0.9874832630157471,0.00010321275476599112,0.009244699962437153,0.0031688620802015066,Business -> World
"EasyGroup close to launching low-cost mobile phone service (AFP) AFP - EasyGroup, the holding company of no-frills British airline easyJet, is close to striking a deal to launch a low-cost mobile telephone service in Britain, the Financial Times reported.",0,World,Sci/Tech,0.9873112440109253,0.9771802388131618,39,0.010131005197763443,0.0001580628304509446,0.0023996534291654825,0.9873112440109253,World -> Sci/Tech
"Ex-Bush Official on Cybersecurity Returns (AP) AP - Howard Schmidt, a highly regarded technology executive who was former special adviser to President Bush for cybersecurity, is returning to work with the Homeland Security Department on efforts to protect the nation's computer networks.",0,World,Sci/Tech,0.9872640371322632,0.9759676391258836,42,0.011296398006379604,0.00034618881181813776,0.0010932899313047528,0.9872640371322632,World -> Sci/Tech
"Sources: Sprint, Nextel closing in on $36B deal Sprint Corp. is in advanced talks to buy Nextel Communications Inc. for more than $36 billion in a mostly stock deal, sources familiar with the situation said today.",3,Sci/Tech,Business,0.9870757460594177,0.9758313214406371,36,0.0015247002011165023,0.00015509637887589633,0.9870757460594177,0.011244424618780613,Sci/Tech -> Business
"Microsoft open new software development unit in India (AFP) AFP - Microsoft said it will join with India's second-largest software firm, Infosys Technologies, to provide software and consulting to manufacturing, banking and automobile companies.",0,World,Sci/Tech,0.9864606857299805,0.9760956466197968,34,0.010365039110183716,0.00015858559345360845,0.003015663009136915,0.9864606857299805,World -> Sci/Tech
"Why 2004 was the year of the blog A US dictionary publisher declares ""blog"" as one of the words of the year.",0,World,Sci/Tech,0.9861140847206116,0.9747442379593849,22,0.002251674188300967,0.00026437712949700654,0.011369846761226654,0.9861140847206116,World -> Sci/Tech
"Senate Panel Gives NASA Extra Money (AP) AP - NASA would get $16.4 billion next year under a bill a Senate committee approved Tuesday, reversing a decision by House lawmakers to cut the space agency's budget below this year's levels.",0,World,Sci/Tech,0.9860236644744873,0.9729914348572493,40,0.013032229617238045,0.0004159604723099619,0.000528198026586324,0.9860236644744873,World -> Sci/Tech
Software Service Aims to Outfox Caller ID A new computerized service enables customers to create phony outbound phone numbers in order to mask their telephone identities.,2,Business,Sci/Tech,0.9854216575622559,0.9728888673707843,26,0.0018565439386293292,0.00018899020506069064,0.012532790191471577,0.9854216575622559,Business -> Sci/Tech
"A Distraction as a Deadline Approaches As the holidays approach, Christmas spirit is a bargain-hunting essential.",3,Sci/Tech,Business,0.9849194288253784,0.9735316717997193,16,0.011387757025659084,0.0006914415280334651,0.9849194288253784,0.003001363016664982,Sci/Tech -> Business
Lazarus-like virus hits computers A new computer virus is catching people out by coming back from the dead.,2,Business,Sci/Tech,0.9848390817642212,0.977112636435777,18,0.0077264453284442425,0.00027344899717718363,0.007161010522395372,0.9848390817642212,Business -> Sci/Tech
"Toughest athlete is female and unknown You probably haven't heard about one of the toughest endurance sports around: the deca-ironman. That's 38 km swimming, immediately followed by an 1800 km bicycle ride and a 420 km run. Currently, the world record stands at about 187 hours, held by a German housewife. Nobody else has ever finished the course below 192 hours.",3,Sci/Tech,Sports,0.9847078323364258,0.976653641089797,61,0.004016402643173933,0.9847078323364258,0.0032215642277151346,0.008054191246628761,Sci/Tech -> Sports
"Microsoft Launches New Media Center PC Microsoft Corp. MSFT.O on Tuesday unveiled a new version of its Windows XP Media Center, adding features such as instant messaging and high-definition television to a personal computer designed for the living room.",2,Business,Sci/Tech,0.984413206577301,0.9696267591789365,39,0.0006338923703879118,0.00016650615725666285,0.014786447398364544,0.984413206577301,Business -> Sci/Tech
"Microsoft Readies Next Business IM Server A little over a year after introducing the first version of Office Live Communications Server, Microsoft says it plans to release the next version of its enterprise instant messaging software, in December.",2,Business,Sci/Tech,0.9838129281997681,0.9685266725718975,38,0.0007353328983299434,0.0001654259831411764,0.01528625562787056,0.9838129281997681,Business -> Sci/Tech
"FaceTime, IMlogic Back Live Communications Server 2005 Hard on the heels of Microsoft announcing that it's taken Live Communications Server 2005 gold, instant messaging management software vendors IMlogic and FaceTime on Tuesday both touted their support for the communication product.",2,Business,Sci/Tech,0.9833893179893494,0.9675109833478928,40,0.0005522322026081383,0.00018011659267358482,0.015878334641456604,0.9833893179893494,Business -> Sci/Tech
Greek weightlifter awaits verdict Greek weightlifter Leonidas Sampanis will find out on Sunday if he is to be stripped of his medal.,0,World,Sports,0.9822502732276917,0.965817691758275,22,0.01643258146941662,0.9822502732276917,0.0008812608430162072,0.00043581248610280454,World -> Sports
Telescope snaps distant 'planet' The first direct image of a planet circling another star may have been obtained by a US-European team of astronomers.,0,World,Sci/Tech,0.9815418720245361,0.9647786002606153,24,0.016763271763920784,0.00015309936134144664,0.0015418730909004807,0.9815418720245361,World -> Sci/Tech
"Terms of Endearment Seems that the Bush administration, unlike previous White Houses, is not necessarily averse to allowing its ambassadors to have second tours. For example, word is that John Thomas ""Tom "" Schieffer , the Texas oilman who brought President Bush into the Texas Rangers baseball club partnership and who is now ambassador to Australia, is to hang out in the Pacific a while longer, this time as ambassador to Japan.",0,World,Sports,0.9814766049385071,0.9730662377551198,72,0.007898751646280289,0.9814766049385071,0.00841036718338728,0.002214263891801238,World -> Sports
"Deal in Congress to Keep Tax Cuts, Widening Deficit Republican and Democratic leaders agreed to extend $150 billion worth of tax cuts sought by President Bush without trying to pay for them.",0,World,Business,0.9813403487205505,0.967583816498518,32,0.013756532222032547,0.00021215695596765727,0.9813403487205505,0.004691066686064005,World -> Business
"Pricey Drug Trials Turn Up Few New Blockbusters The $500 billion drug industry is stumbling badly in its core business of finding new medicines, while aggressively marketing existing drugs.",0,World,Business,0.9813118577003479,0.9702690821141005,29,0.007444459944963455,0.00020086053700651973,0.9813118577003479,0.011042775586247444,World -> Business
The Bahamas - the real medal winner of the Athens Olympics A different way of calculating the medal standings brings some interesting results.,3,Sci/Tech,Sports,0.9811465740203857,0.9687577160075307,23,0.012388858012855053,0.9811465740203857,0.0021542911417782307,0.004310308024287224,Sci/Tech -> Sports
"Google puts desktop search privacy up front Google has announced a new desktop search application that enables users to search their e-mail, files, web history, and chats. Perhaps learning from previous mistakes, Google says it has designed the product ""from the ground up to respect user privacy.",2,Business,Sci/Tech,0.981002926826477,0.9630220159888268,47,0.0008122649160213768,0.00020391329599078745,0.0179809108376503,0.981002926826477,Business -> Sci/Tech
"SKorea's Samsung to invest 24 billion dollars in new chip lines (AFP) AFP - South Korea's Samsung Electronics Co., the world's largest memory chipmaker, said it would invest some 24 billion dollars in building new chip production lines over the next six years.",0,World,Sci/Tech,0.9807104468345642,0.964679392054677,43,0.0160310547798872,0.00015109209925867617,0.0031074194703251123,0.9807104468345642,World -> Sci/Tech
"Russia's Putin Defends Reforms, Worries About Clans Russian President Vladimir Putin said on Thursday he had no plans to grab more power or change the constitution when reforming Russia's government structure.",2,Business,World,0.9802547097206116,0.9639321994036436,31,0.9802547097206116,0.0002349329588469118,0.016322510316967964,0.0031878596637398005,Business -> World
"Poor? Who's poor? Poverty is down The proportion of people living on less than $1 a day decreased from 40 to 21 per cent of the global population between 1981 and 2001, says the World Bank's latest annual report.",0,World,Business,0.9797798991203308,0.9634380377829075,39,0.016341861337423325,0.00011271089897491038,0.9797798991203308,0.0037654503248631954,World -> Business
"Miss Peru takes Miss World crown Twenty-year-old Miss Peru has been crowned Miss World in a southern Chinese resort town, as China looks to become the regular host of an event that would have once been deemed heretical by its Communist leaders.",1,Sports,World,0.9784982800483704,0.9692298257723451,42,0.9784982800483704,0.005870860535651445,0.009268454276025295,0.006362371612340212,Sports -> World
AOL's Viral Marketing America Online will now provide gratis antivirus protection to its subscribers.,2,Business,Sci/Tech,0.9782097339630127,0.9580400362610817,14,0.0014113123761489987,0.0002092762297252193,0.020169697701931,0.9782097339630127,Business -> Sci/Tech
"The Shockwaves of Sumatra The Indian Ocean earthquake of December 2004 produced a shockwave that created tsunamis all across the Indian Ocean. The tsunamis hammered nearby Indonesia and struck as far as the coast of East Africa. The death toll has climbed over 100,000 and continues to grow. It also created social shockwaves.",3,Sci/Tech,World,0.9779958724975586,0.9587579146027565,53,0.9779958724975586,0.00045407115248963237,0.002312195487320423,0.019237957894802094,Sci/Tech -> World
"MOM 2005 Released to Manufacturing Microsoft on Wednesday announced the release to manufacturing of Microsoft Operations Manager (MOM) 2005 and MOM 2005 Workgroup Edition, a new edition that the company previously called MOM 2005 Express.",2,Business,Sci/Tech,0.9778919816017151,0.9565448518842459,35,0.0005557791446335614,0.00020499575475696474,0.021347129717469215,0.9778919816017151,Business -> Sci/Tech
"Wi-Fi successor is called high-speed hype -- for now SAN FRANCISCO -- At virtually every turn, Intel Corp. executives are heaping praise on an emerging long-range wireless technology known as WiMAX, which can blanket entire cities with high-speed Internet access.",2,Business,Sci/Tech,0.9777168035507202,0.95635025203228,40,0.0007589833694510162,0.00015755571075715125,0.021366551518440247,0.9777168035507202,Business -> Sci/Tech
"IBM Claims Its BlueGene Supercomputer Is the Fastest IBM Corp. on Wednesday said it has developed the world's fastest computer - a 16,000-processor version of its BlueGene/L supercomputer.",2,Business,Sci/Tech,0.9770874977111816,0.9549708086997271,28,0.0006435798713937402,0.00015226771938614547,0.022116689011454582,0.9770874977111816,Business -> Sci/Tech
"Is this the end of IT as we know it? Halsey Minor, CEO of hosted integration provider grand central Communications, has a powerful message for IT: In four years, ... basically the whole notion of enterprise application software is going to be dead. He believes application functionality will instead be available as hosted, pay-per-use services delivered by companies such as Salesforce.com. Putting his money where his mouth is, Minor has recently launched a $50 million venture capital fund with his own money to fuel on-demand startups. For its part, Grand Central will handle data and process integration between enterprises and multiple on-demand services.",2,Business,Sci/Tech,0.9769620895385742,0.9547724314033985,103,0.0006268019205890596,0.00022136120242066681,0.022189658135175705,0.9769620895385742,Business -> Sci/Tech
"Intel in new chip breakthrough Intel creates a more powerful memory chip without increasing its size, confounding the firm's critics.",2,Business,Sci/Tech,0.9769468903541565,0.9549394510686398,20,0.000879557803273201,0.00016623637930024415,0.02200743928551674,0.9769468903541565,Business -> Sci/Tech
webcrawler: A9.com is cool NOW heres something else thats off the mind. Theres no more need to make mental or computer notes while searching the Internet.,2,Business,Sci/Tech,0.9768365025520325,0.9547619763761759,26,0.0007497057085856795,0.0003391767095308751,0.02207452617585659,0.9768365025520325,Business -> Sci/Tech
"US consumers unaware of spyware The findings come in a report from the newly formed Consumer Spyware Initiative, a joint effort by Dell and the non-profit Internet Education Foundation that aims to increase awareness of spyware.",2,Business,Sci/Tech,0.9765952229499817,0.954193327575922,36,0.0008125221356749535,0.00019031406554859132,0.022401895374059677,0.9765952229499817,Business -> Sci/Tech
Sun settles Kodak patent suit Sun Microsystems says it will pay Kodak $92 million to settle a high-profile patent suit involving Sun's Java programming technology.,2,Business,Sci/Tech,0.9754368662834167,0.9517957717180252,25,0.0007748192874714732,0.00014721171464771032,0.02364109456539154,0.9754368662834167,Business -> Sci/Tech
"Intel to delay product aimed for high-definition TVs SAN FRANCISCO -- In the latest of a series of product delays, Intel Corp. has postponed the launch of a video display chip it had previously planned to introduce by year end, putting off a showdown with Texas Instruments Inc. in the fast-growing market for high-definition television displays.",2,Business,Sci/Tech,0.9748305678367615,0.9503796398639679,56,0.0005816558841615915,0.0001368542725685984,0.02445092797279358,0.9748305678367615,Business -> Sci/Tech
I.B.M. Agrees to Settle Part of Giant Pension Case I.B.M. said that it had agreed to pay $320 million to its employees to settle in part a class-action lawsuit over its pension plan.,3,Sci/Tech,Business,0.9747259020805359,0.9563971664756536,33,0.006271180231124163,0.0006741463439539075,0.9747259020805359,0.01832873560488224,Sci/Tech -> Business
"Nintendo to Unveil Handheld Upgrade Facing its biggest threat ever from the arrival of Sony Corp. in the portable video-game machine market, Japanese game-maker Nintendo Co.",2,Business,Sci/Tech,0.9740203619003296,0.9489991888403893,26,0.0007785473135299981,0.00017993635265156627,0.025021173059940338,0.9740203619003296,Business -> Sci/Tech
"AOL, E-Mail Companies Sue Spammers The nation's largest e-mail providers today filed a new round of lawsuits against Internet spammers allegedly responsible for shoveling millions of junk e-mail messages into computer users ' in-boxes and their instant messaging screens.",2,Business,Sci/Tech,0.9734083414077759,0.9486381020396948,39,0.0015601201448589563,0.00026136875385418534,0.024770239368081093,0.9734083414077759,Business -> Sci/Tech
Yahoo! Ups Ante for Small Businesses Web giant Yahoo! is gambling that price cuts on its domain name registration and Web hosting products will make it more competitive with discounters in the space -- which means that small businesses looking to move online get a sweeter deal through ...,2,Business,Sci/Tech,0.9732999801635742,0.9477284401655197,49,0.000927645422052592,0.0002008308219956234,0.025571539998054504,0.9732999801635742,Business -> Sci/Tech
"Colombia Accuses Cos. of Illegal Imports The Colombian government has filed a lawsuit accusing Pernod Ricard SA, Diageo PLC and Seagram Export Sales Co. of illegally importing spirits via Colombian companies that launder drug money.",0,World,Business,0.9730587601661682,0.9489425756037235,35,0.024116184562444687,0.0002954424126073718,0.9730587601661682,0.0025296860840171576,World -> Business
"HP to tempt holiday shoppers with sights and sounds The computer-hardware giant, best known for products such as PCs and printers, on Friday laid out its plan to become a brand-name in consumer electronics products such as flat-screen TVs, music players and the devices that move content between them.",2,Business,Sci/Tech,0.9719783067703247,0.9447459354996681,49,0.0006121479091234505,0.0001772006507962942,0.027232371270656586,0.9719783067703247,Business -> Sci/Tech
"On TV -- from the Internet SAN MATEO, Calif. -- The promise of Internet-based video has long been hamstrung by copyright and piracy worries, slow dial-up connections, technical challenges, and consumer disdain for watching blotchy videos on their home computers.",2,Business,Sci/Tech,0.9714013338088989,0.9441419187933207,40,0.001132628065533936,0.0002065860026050359,0.02725941501557827,0.9714013338088989,Business -> Sci/Tech
"Dominicans' Swift Step Into Crisis SANTO DOMINGO, Dominican Republic -- When Sandro Batista smashed his banana truck into a tree in April, leaving him with two hideously shattered legs and a broken arm, his orthopedic surgeon sent his sister shopping.",2,Business,World,0.9705411195755005,0.9452509079128504,40,0.9705411195755005,0.0028268257156014442,0.02529021166265011,0.0013418184826150537,Business -> World
"34 tech firms sued for alleged LCD patent theft Honeywell has issued lawsuits against 34 companies, including Dell, Apple, Sony and Toshiba alleging LCD panels used in their products infringe a 1992 patent the company holds.",2,Business,Sci/Tech,0.9704018831253052,0.9418249018490314,36,0.0008461110410280526,0.0001750528608681634,0.028576981276273727,0.9704018831253052,Business -> Sci/Tech
"A Fair Tax Some say a ""fair tax"" that removes the need to file tax returns from the vast majority of the citizenry is a national sales tax. This doesn't seem to be very fair to people trying to feed, house and clothe themselves and seems to subsidize large land holders (Bush's favorite constituency). There is a tax that lives up to the promises broken by Bush's proposal for a national sales tax.",3,Sci/Tech,Business,0.9701331257820129,0.9524397328495979,73,0.011781599372625351,0.0003918583388440311,0.9701331257820129,0.01769339293241501,Sci/Tech -> Business
"AOL pushes into Internet shopping Looking for new ways to boost its revenue, America Online is launching an online shopping service that won't require an AOL account to access.",2,Business,Sci/Tech,0.9689231514930725,0.9388801231980324,29,0.0008585119503550231,0.00017537451640237123,0.03004302829504013,0.9689231514930725,Business -> Sci/Tech
Swedes beam poetry into outer space (Reuters) Reuters - Swedish poets have broadcast their work into outer space by radio to give alien life forms -- if they exist -- a taste of earthling literature.,0,World,Sci/Tech,0.9684759974479675,0.9403151553124189,35,0.02816084213554859,0.0006864559254609048,0.0026767216622829437,0.9684759974479675,World -> Sci/Tech
Florida Starts To Recover in the Wake of Hurricane Frances President Bush will travel to Florida Wednesday to survey damage from Hurricane Frances. He sent a letter to Congress asking for $2 billion to help with recovery efforts.,3,Sci/Tech,Business,0.9680156707763672,0.9423976391553879,38,0.02561803162097931,0.00037107031675986946,0.9680156707763672,0.00599523214623332,Sci/Tech -> Business
Finnish Watchdog Raps TV Game Operators (Reuters) Reuters - Finland's consumer watchdog said on Monday it had reprimanded broadcasters for causing children to run up huge mobile phone bills with interactive television game and chat programs.,0,World,Sci/Tech,0.967896044254303,0.9457136150449514,36,0.02218242920935154,0.0004444490186870098,0.009477094747126102,0.967896044254303,World -> Sci/Tech
TiVo loss widens SAN FRANCISCO (CBS.MW) - TiVo said its second-quarter loss widened from a year earlier on higher customer acquisition costs. Free!,3,Sci/Tech,Business,0.9672324657440186,0.9360843282192945,23,0.001430910313501954,0.00018843557336367667,0.9672324657440186,0.031148137524724007,Sci/Tech -> Business
"Web-based kidney match raises ethics questions A Colorado man who placed a ""transplant wanted "" ad on a Massachusetts-based Internet site is expected today to receive a kidney donated by a total stranger who simply wanted to do ""something big. "" The transaction marks the first time an organ transplant has been brokered by a commercial web company.",2,Business,Sci/Tech,0.9670535326004028,0.9371770545840263,58,0.0027577520813792944,0.0003122443158645183,0.029876478016376495,0.9670535326004028,Business -> Sci/Tech
"Intuit Posts Wider Loss After Charge (Reuters) Reuters - Intuit Inc. (INTU.O), maker of the No. 1 U.S. tax presentation software TurboTax, on Wednesday posted a wider quarterly loss after taking a goodwill impairment charge during its seasonally weaker fourth quarter.",3,Sci/Tech,Business,0.9662624001502991,0.9354428816586733,41,0.0027598338201642036,0.00015822997374925762,0.9662624001502991,0.030819518491625786,Sci/Tech -> Business
"HP Wins Defense Contract HP (Quote, Chart) was awarded a $290 million, 10-year outsourcing contract with the Defense Logistics Agency's (DLA) Enterprise Data Center (EDC) program, officials announced Wednesday.",2,Business,Sci/Tech,0.965892493724823,0.9324887543916702,29,0.0005491802003234625,0.00015461005386896431,0.03340373933315277,0.965892493724823,Business -> Sci/Tech
Skyboxes May Reach A Limit Verizon Communications Inc. would seem to be a prime candidate to snap up a luxury suite at the $440 million ballpark being planned for Washington's Major League Baseball team.,2,Business,Sports,0.9657494425773621,0.9377490356564522,34,0.0024856459349393845,0.9657494425773621,0.02800040692090988,0.0037644964177161455,Business -> Sports
"Yahoo Debuts Mobile Search SAN FRANCISCO -- Yahoo (Quote, Chart) expanded its search empire to the mobile arena with the launch of some additional services. The company was one of the original content providers for mobile devices running",2,Business,Sci/Tech,0.9657483696937561,0.9325363151729107,38,0.0008340977947227657,0.00020553330250550061,0.03321205452084541,0.9657483696937561,Business -> Sci/Tech
"For Now, Unwired Means Unlisted. That May Change. In October, most major cellphone carriers plan to start compiling a publicly accessible listing of wireless phone numbers.",2,Business,Sci/Tech,0.9655711650848389,0.9326099865138531,26,0.001256262417882681,0.0002114930539391935,0.032961178570985794,0.9655711650848389,Business -> Sci/Tech
"Ahold to Sell Spain Operations to Permira (AP) AP - The Dutch supermarket retailer Ahold, seeking to streamline global operations and reduce debt, said Sunday it will sell its holdings in Spain to Permira Funds for about $849 million.",2,Business,World,0.9653433561325073,0.9405046962201595,39,0.9653433561325073,0.0003797836834564805,0.024838659912347794,0.009438201785087585,Business -> World
"A Bit of Wall St. on the Tigris The 150 brokers and traders on the Iraq Stock Exchange are not waiting for the war to end, buying and selling orders a few hundred yards away from the fighting.",0,World,Business,0.9651512503623962,0.9342388678342104,38,0.030912382528185844,0.00019129083375446498,0.9651512503623962,0.0037450839299708605,World -> Business
"Prized Fossil Just a Rock? With positive and negative results, it remains to be seen what type of Fossil this company really is.",2,Business,Sci/Tech,0.9644098877906799,0.9339394047856331,23,0.0047134337946772575,0.0004061877552885562,0.030470483005046844,0.9644098877906799,Business -> Sci/Tech
"Icing call Out of money, out of patience, out of time, and for the foreseeable future, out of business.",1,Sports,Business,0.9641851186752319,0.9406885281205177,19,0.010582681745290756,0.0017355262534692883,0.9641851186752319,0.023496590554714203,Sports -> Business
Strong Hurricane Roars Over Bahamas Toward Florida (Reuters) Reuters - Hurricane Frances battered the southeastern Bahamas islands with 140 mph winds on Wednesday as it roared toward the United States and put millions of people on alert along Florida's heavily populated east coast.,3,Sci/Tech,World,0.9638428688049316,0.9423335753381252,43,0.9638428688049316,0.0007779126754030585,0.013869889080524445,0.021509293466806412,Sci/Tech -> World
"Thai minister says zoo's illegal orangutans to be moved JAKARTA/BANGKOK (DPA): Thailand, under growing pressure to repatriate some 100 orangutans allegedly smuggled into the country from Indonesia, plans to shift the apes from a private zoo to a safe centre, probably in Chiang Mai, a minister said on Thursday.",3,Sci/Tech,World,0.9634768962860107,0.9295920580625534,49,0.9634768962860107,0.0005638186703436077,0.002074447926133871,0.033884838223457336,Sci/Tech -> World
Deal has S2io champing at the gigabit OTTAWA -- A local firm that says it can help shrink backup times at large data centres is growing its business thanks to an alliance with Sun Microsystems Inc.,2,Business,Sci/Tech,0.9631946682929993,0.9273947924375534,36,0.0008196497801691294,0.00018572933913674206,0.03579987585544586,0.9631946682929993,Business -> Sci/Tech
"Hyundai signs deal for China truck plant Hyundai Motor Co. said yesterday that it has signed an agreement with a Chinese company, Jianghuai Automobile Corp., to build a commercial vehicle and engine plant in China's Anhui province.",3,Sci/Tech,Business,0.9626667499542236,0.9405203852802515,37,0.01469819713383913,0.0004886107053607702,0.9626667499542236,0.02214636467397213,Sci/Tech -> Business
"At Last, Success on the Road for Lions The Detroit Lions went three full seasons without winning an away game, setting an NFL record for road futility. They ended that ignominious streak Sunday in their first opportunity of the season, beating the Chicago Bears 20-16 at Soldier Field...",0,World,Sports,0.9617806077003479,0.9266011714935303,48,0.03517943620681763,0.9617806077003479,0.002248054603114724,0.0007919468334876001,World -> Sports
"New Siebel Chief Outlines Chapter 2 For CRM Vendor After 10 years of focusing on product development and delivery, CEO Michael Lawrie says Siebel had to recognize that technology is only one part of the CRM equation.",2,Business,Sci/Tech,0.9610735177993774,0.9232475832104683,37,0.0008705084910616279,0.00023006521223578602,0.03782593458890915,0.9610735177993774,Business -> Sci/Tech
"Nextel, Sprint Talk Merger Nextel Communications Inc. and Sprint Corp. are negotiating a possible merger, according to a source familiar with the discussions.",3,Sci/Tech,Business,0.9609254002571106,0.9240551888942719,23,0.0020199704449623823,0.00018438570259604603,0.9609254002571106,0.036870211362838745,Sci/Tech -> Business
"Google's New PC Search Tool Poses Risks NEW YORK Oct. 18, 2004 - People who use public or workplace computers for e-mail, instant messaging and Web searching have a new privacy risk to worry about: Google's free new tool that indexes a PC's contents for quickly locating data.",2,Business,Sci/Tech,0.9601039886474609,0.921567402780056,48,0.0011597857810556889,0.00019962001533713192,0.03853658586740494,0.9601039886474609,Business -> Sci/Tech
"Pharma Groups Work on EPC Issues Sept. 30, 2004Reacting to calls from pharmaceutical retailers, distributors and manufacturers, EPCglobal has added a new action group to specifically study the pharmaceutical industry",3,Sci/Tech,Business,0.9588989615440369,0.9224676564335823,30,0.004394502844661474,0.0002752548025455326,0.9588989615440369,0.03643130511045456,Sci/Tech -> Business
Update 1: Passengers Stranded by Canceled Flights Thousands of disgruntled vacationers were stranded at Heathrow Airport Tuesday after British Airways canceled scores of flights because of staff shortages and technical hitches.,0,World,Business,0.9587894678115845,0.9277702569961548,31,0.031019210815429688,0.00047187416930682957,0.9587894678115845,0.00971946120262146,World -> Business
"Motorola buys wireless network developer, eyes defense contracts CHICAGO - Motorola Inc. is acquiring MeshNetworks Inc., developer of a Wi-Fi based technology that is expected to help land more contracts for its growing government contracting business.",2,Business,Sci/Tech,0.9587054252624512,0.9183038510382175,36,0.0007206237060017884,0.00017243667389266193,0.04040157422423363,0.9587054252624512,Business -> Sci/Tech
"China's Lenovo to buy IBM's PC business TOKYO - China's Lenovo Group Ltd. signed a definitive agreement on Wednesday to acquire IBM Corp.'s personal computing division. Lenovo will pay US $1.25 billion in cash for the business, which is expected to transform it into the world's number three PC maker, the companies announced.",3,Sci/Tech,Business,0.9582513570785522,0.9190082363784313,53,0.0023242421448230743,0.00018123195332009345,0.9582513570785522,0.039243120700120926,Sci/Tech -> Business
"Glazer stake in Man Utd nears 30 US tycoon Malcolm Glazer lifts his stake in Manchester Utd to 28.11, one day after spending 17m on further share buys.",0,World,Business,0.9574650526046753,0.9244546331465244,28,0.007317297160625458,0.033010419458150864,0.9574650526046753,0.0022071523126214743,World -> Business
VoIP becomes new option Jackson is one of the first to take advantage of Time Warner Cable's new venture into Voice over Internet Provider (VoIP) telephone service here and she says it works great.,2,Business,Sci/Tech,0.9557826519012451,0.9128352664411068,34,0.0011103169526904821,0.00015958683798089623,0.04294738546013832,0.9557826519012451,Business -> Sci/Tech
"Ask Jeeves retools search engine in bid to catch Google, Yahoo SAN FRANCISCO -- Hoping to emerge from the shadow of its more popular rivals, Ask Jeeves Inc. is adding new tools for visitors to save and organize links to Web pages they find through the company's online search engine.",2,Business,Sci/Tech,0.9554898142814636,0.9118631668388844,50,0.0006839845445938408,0.00019961326324846596,0.04362664744257927,0.9554898142814636,Business -> Sci/Tech
No ticket matched all four numbers and the MegaBall in Friday's <b>...</b> No ticket matched all four numbers and the MegaBall in Friday's Mega Money drawing of the Florida Lottery. The numbers drawn were 10-18-19-22; the Megaball was 6. Twelve tickets matched four of the numbers,2,Business,Sports,0.9552052617073059,0.9227938875555992,46,0.010320635512471199,0.9552052617073059,0.032411374151706696,0.0020627581980079412,Business -> Sports
"Shock Jock Group Boosts Satellite Radio Profile When radio shock jocks Opie and Anthony considered their next career move after two firings in four years, the twisted twosome was ready to feign rehabilitation. Or at least that was the plan when they sat down with satellite radio executives.",3,Sci/Tech,Business,0.9539892673492432,0.9151730984449387,48,0.00429410208016634,0.002900482155382633,0.9539892673492432,0.038816168904304504,Sci/Tech -> Business
"Immunity in Ebbers Case Opposed in U.S. Filing NEW YORK, Sept. 29 -- Federal prosecutors told a judge in a filing late Tuesday night that they have evidence that former WorldCom Inc. chief executive Bernard J. Ebbers knew company officials had improperly tinkered with the telecommunications firm's accounting to boost its publicly reported profits.",3,Sci/Tech,Business,0.9536741971969604,0.9097068980336189,54,0.0020455443300306797,0.00031296262750402093,0.9536741971969604,0.04396729916334152,Sci/Tech -> Business
"German investor confidence slumped in September BERLIN - German investor confidence dropped sharply in September, a key economic indicator released Tuesday showed amid concerns about the impact of high oil prices on consumer demand and the outlook for the global economy.",0,World,Business,0.9532621502876282,0.9094398096203804,41,0.04382234066724777,0.00023826902906876057,0.9532621502876282,0.0026772632263600826,World -> Business
"Where have all the people gone? While media and political attention is on the threat of outsourcing, the reality is that outsourcing is a sideshow in a much larger event.",2,Business,Sci/Tech,0.952285647392273,0.9072844497859478,30,0.0022564083337783813,0.0004568083386402577,0.04500119760632515,0.952285647392273,Business -> Sci/Tech
"THE UNFOLDING UNIFORM Pakistan is inherently unstable. Dealing with them is like playing with matches in a forest. - Larry Pressler. That statement from Larry Pressler, made during his recent visit to India, coincided with",0,World,Sports,0.9510970115661621,0.9087665341794491,35,0.04233047738671303,0.9510970115661621,0.0053057922050356865,0.0012666824040934443,World -> Sports
"PeopleSoft CEO Conway maintains defiant tone SEPTEMBER 21, 2004 (IDG NEWS SERVICE) - With 15,000 attendees at PeopleSoft Inc.'s Connect 2004 user show waiting to hear how the company would handle Oracle Corp.",2,Business,Sci/Tech,0.9496471285820007,0.9000775925815105,33,0.0005547555047087371,0.0002285783994011581,0.04956953600049019,0.9496471285820007,Business -> Sci/Tech
"Opportunity Rings (Forbes.com) Forbes.com - This past summer 25,000 consumers, aged 18 to 24, received short text messages on their cell phones alerting them to numbers on 225 million bottle caps of Snapple iced tea, pink lemonade and the like. People holding a winning number, announced by text message and traditional media, landed overseas trips and walk-on parts on TV shows.",3,Sci/Tech,Business,0.9490221738815308,0.9033450223505497,61,0.005149589851498604,0.00015119205636437982,0.9490221738815308,0.045677151530981064,Sci/Tech -> Business
"Hasbro's No Conehead Its Saturday Night Live version of ""Trivial Pursuit"" is good strategy for staying ahead of age compression.",2,Business,Sci/Tech,0.948599636554718,0.8987496271729469,20,0.0012263954849913716,0.0003239589568693191,0.04985000938177109,0.948599636554718,Business -> Sci/Tech
"Paris Tourists Search for Key to 'Da Vinci Code' (Reuters) Reuters - A funny thing happened on the way to the Mona Lisa. Visitors to the Louvre museum in Paris, home of the world's most famous painting, started quizzing tour guides about Dan Brown's best-selling novel ""The Da Vinci Code.""",0,World,Sci/Tech,0.9478651881217957,0.8994474075734615,50,0.04841778054833412,0.0007089652353897691,0.003008074825629592,0.9478651881217957,World -> Sci/Tech
Panel Urges N.Y. to Pay $14 Billion More for City Schools Court-appointed referees recommended the state pay an additional $14 billion over four years to improve New York City schools.,0,World,Business,0.9474547505378723,0.9188367687165737,30,0.0286179818212986,0.0008724021608941257,0.9474547505378723,0.02305484376847744,World -> Business
"MetroPCS obtains Cingular air com November 29, 2004, 8:33 AM PT. Wired & Wireless continues its reign as the top IT priority among IT managers due to widespread IP telephony deployment and other network infrastructure upgrades.",2,Business,Sci/Tech,0.9458968639373779,0.8928674384951591,36,0.0008794041932560503,0.00019424188940320164,0.05302942544221878,0.9458968639373779,Business -> Sci/Tech
"German Finance Professionals Grow Sharply (AP) AP - German finance professionals grew sharply more pessimistic about the country's economic growth outlook, fearing that the euro's record highs against the U.S. dollar will weigh on exports, a monthly survey showed Tuesday.",2,Business,World,0.9454777836799622,0.8951205089688301,40,0.9454777836799622,0.00024753602338023484,0.05035727471113205,0.003917371854186058,Business -> World
Relaxed pot possession bill returns OTTAWA -- The long push to reform marijuana laws took a big step forward yesterday as the federal government re-introduced legislation decriminalizing possession for personal use.,0,World,Business,0.9444844722747803,0.8943700417876244,31,0.050114430487155914,0.0022628239821642637,0.9444844722747803,0.003138341009616852,World -> Business
"Lego, Carrefour in French Price-Fix Probe (AP) AP - French competition authorities are investigating Danish toy maker Lego Systems AS and supermarket retailer Carrefour SA as part of a probe into alleged price fixing in the French toy market in 2002 and early 2003.",2,Business,World,0.9434213042259216,0.910751786082983,44,0.9434213042259216,0.00042558746645227075,0.023483622819185257,0.032669518142938614,Business -> World
"Report finds handheld device market in continued decline The worldwide market for handheld devices saw its third successive quarter of year-over-year decline in the third quarter of 2004, according to a new report released by IDC.",2,Business,Sci/Tech,0.9420464634895325,0.8854309692978859,36,0.0011636741692200303,0.00017435039626434445,0.056615494191646576,0.9420464634895325,Business -> Sci/Tech
Research Is Definitely in Motion The Blackberry wireless device maker is straining to exceed expectations.,2,Business,Sci/Tech,0.9406543970108032,0.8845695443451405,15,0.0030527538619935513,0.00020797720935661346,0.056084852665662766,0.9406543970108032,Business -> Sci/Tech
"EU increases pressure for rights in Myanmar EU foreign ministers agreed Monday to tighten sanctions against Myanmar if it does not improve its human rights record by Oct. 8, when an EU meeting with Asian countries starts in Vietnam.",2,Business,World,0.940254271030426,0.8850904032588005,39,0.940254271030426,0.000325701228575781,0.05516386777162552,0.004256152547895908,Business -> World
"Nikkei Opens Higher (Reuters) Reuters - The Nikkei average rose 1.37 percent at the opening on Monday as a recovery in U.S. stocks encouraged investors to seek bargains among lagging issues, including Canon Inc. and other high-tech issues.",0,World,Business,0.9385760426521301,0.8852550275623798,38,0.05332101508975029,0.00021602022752631456,0.9385760426521301,0.00788691733032465,World -> Business
"Spread of GM grass raises fears of crossbreeding Pollen from a genetically modified grass was found 21 kilometres from where it was planted, scientists reported in a study published Tuesday, raising fears of transgenic crossbreeding.",2,Business,Sci/Tech,0.9380907416343689,0.904737401753664,35,0.03335333988070488,0.0004934297758154571,0.028062600642442703,0.9380907416343689,Business -> Sci/Tech
"Regulators Let Cingular Buy AT &T Wireless The $41 billion merger between Cingular Wireless LLC and AT &T Wireless Services Inc. won approval from the Federal Communications Commission yesterday, according to federal sources close to",3,Sci/Tech,Business,0.9355787038803101,0.8727526664733887,35,0.0013862492050975561,0.00020913570187985897,0.9355787038803101,0.06282603740692139,Sci/Tech -> Business
Halo 2 scores record sales of $125 million in first 24 hours Halo 2 broke entertainment retail records in its first 24 hours. Microsoft Game Studios said that the video game sold through 2.4 million stores in the US and Canada raking in $125 million in sales.,2,Business,Sci/Tech,0.9353592991828918,0.8719353005290031,47,0.0008441273821517825,0.00037254783092066646,0.0634239986538887,0.9353592991828918,Business -> Sci/Tech
"Spyware opponents win another battle The Federal Trade Commission won an important victory last week in its fight to protect consumers from spyware, the software that tracks unsuspecting Web surfers, bombards them with advertisements and sometimes even steal login information and passwords.",2,Business,Sci/Tech,0.9333878755569458,0.8682627826929092,42,0.0012296052882447839,0.0002573226811364293,0.06512509286403656,0.9333878755569458,Business -> Sci/Tech
"Fable; Nascar 2005: Chase For The Cup Fable comes with a big reputation behind it -- it was developed by Peter Molyneux, creator of such involved, engrossing games as Populous and Black and White.",3,Sci/Tech,Sports,0.9326330423355103,0.8931377045810223,34,0.0034284531138837337,0.9326330423355103,0.02444319613277912,0.03949533775448799,Sci/Tech -> Sports
"OPM Delving Deeper Into Employees ' Backgrounds which sets hiring and employment standards for the government -- is reviewing its employees to ensure that they are suitable for jobs involving the ""public trust.",3,Sci/Tech,Business,0.9312925934791565,0.869278322905302,33,0.006380579899996519,0.000312535761622712,0.9312925934791565,0.062014270573854446,Sci/Tech -> Business
Week's delay for Delta launcher Boeing's new heavy-lift Delta 4 rocket must wait a further week before making its maiden flight.,0,World,Sci/Tech,0.9306528568267822,0.878385704010725,21,0.016851190477609634,0.00022877786250319332,0.052267152816057205,0.9306528568267822,World -> Sci/Tech
Venezuela Prepares for Chavez Recall Vote Supporters and rivals warn of possible fraud; government says Chavez's defeat could produce turmoil in world oil market.,0,World,Business,0.9304801821708679,0.8650208488106728,24,0.06545933336019516,0.000264418195001781,0.9304801821708679,0.003796098055317998,World -> Business
"Motorola Quarterly Earnings Rise Motorola Inc., the world's No. 2 maker of cell phones, on Tuesday said its quarterly profit more than tripled, as sales rose 26 percent, driven in part by a host of new handset models and cost controls.",3,Sci/Tech,Business,0.930383026599884,0.8630857989192009,41,0.0019087789114564657,0.0004109723086003214,0.930383026599884,0.06729722768068314,Sci/Tech -> Business
"Shanghai, Qualifying: Surprises all round Michael Schumacher spun and Sauber looked strong this afternoon. Fernando and Jacques went sixth and thirteenth.",1,Sports,World,0.9299107789993286,0.8633726760745049,21,0.9299107789993286,0.06653810292482376,0.002382430247962475,0.0011686173966154456,Sports -> World
"FCC Mulls Airborne Mobile Phone Use Although there may have been technical limitations at the time the cell phone ban was established, according to IDC's Shiv Bakhshi, it is unclear why the ban has remained in place, given that",2,Business,Sci/Tech,0.9298809766769409,0.8618138357996941,39,0.0017484355485066772,0.0003033931425306946,0.06806714087724686,0.9298809766769409,Business -> Sci/Tech
Regulators Approve Artificial Heart The Food and Drug Administration approved the use of an artificial heart made by SynCardia Systems as a temporary device for people awaiting transplants.,3,Sci/Tech,Business,0.9277859330177307,0.8783384561538696,28,0.022279569879174232,0.0004871130222454667,0.9277859330177307,0.049447476863861084,Sci/Tech -> Business
Turkey eyes $15 billion investment years ANKARA: Turkey is hoping to attract $15 billion of foreign investment between 2005 and 2007 through reforms designed to overhaul its economy and ease the country's entry into,0,World,Business,0.9277326464653015,0.8619393333792686,34,0.06579331308603287,0.00039410078898072243,0.9277326464653015,0.0060799093917012215,World -> Business
Nepal blockade 'blow to tourism' Nepal tour operators say tourists cancelled millions of dollars of bookings due to the rebel blockade of Kathmandu.,2,Business,World,0.9272702932357788,0.8724606111645699,23,0.9272702932357788,0.0003626973193604499,0.054809682071208954,0.01755736954510212,Business -> World
"Argentina gets China investment China is to invest nearly $20bn (11bn) in Argentina over the next 10 years, Argentine officials say.",0,World,Business,0.9270778298377991,0.8617108911275864,21,0.06536693871021271,0.00044438784243538976,0.9270778298377991,0.0071108704432845116,World -> Business
Earthquake 'redraws the map' The devastating earthquake that struck the Indian Ocean probably caused some islands to move by several metres.,3,Sci/Tech,World,0.9267702102661133,0.8568885177373886,21,0.9267702102661133,0.0004949002177454531,0.0028531847056001425,0.06988169252872467,Sci/Tech -> World
"For Many Airline Pilots, the Thrill Is Gone While pilots still feel in command in the air, they increasingly are feeling slighted on the ground, as airlines extract salary and benefits concessions from them.",0,World,Business,0.9267216920852661,0.8679680600762367,34,0.013444249518215656,0.001080392743460834,0.9267216920852661,0.05875363200902939,World -> Business
"Boston archbishop reveals anguish of closings BOSTON Boston's Archbishop is telling catholics that the church's financial footing is ""much worse than people realize.",1,Sports,Business,0.9232334494590759,0.8533370345830917,23,0.06989641487598419,0.0010149080771952868,0.9232334494590759,0.005855255294591188,Sports -> Business
"Revolving Door <em> IN</em><br> Aylwin B. Lewis, president of Yum Brands, as chief executive of Kmart.",0,World,Business,0.9223511815071106,0.8483511656522751,16,0.003475927747786045,0.00017285608919337392,0.9223511815071106,0.07400001585483551,World -> Business
Google creators in share sell-off Google founders Larry Page and Sergey Brin have announced plans to sell millions of shares in the web search company they launched in 1998.,2,Business,Sci/Tech,0.9221093058586121,0.845668263733387,29,0.0011783675290644169,0.0002712836139835417,0.07644104212522507,0.9221093058586121,Business -> Sci/Tech
Wells Fargo computers stolen Identity thieves may have obtained information on thousands of Wells Fargo mortgage and student loan customers.,3,Sci/Tech,Business,0.9218122959136963,0.8469481393694878,20,0.0031850705854594707,0.00013838238373864442,0.9218122959136963,0.07486415654420853,Sci/Tech -> Business
"Ancient fungus 'revived' in lab Fungus from a deep-sea sediment core that is hundreds of thousands of years old will grow when placed in culture, scientists discover.",0,World,Sci/Tech,0.9215157628059387,0.852212019264698,27,0.06930374354124069,0.00043105045915581286,0.008749444968998432,0.9215157628059387,World -> Sci/Tech
JFK killing fades in intensity WASHINGTON: The 41st anniversary of President John F Kennedy's assassination passed on November 22 - a lot more quietly than earlier ones.,3,Sci/Tech,World,0.9213897585868835,0.8819715268909931,27,0.9213897585868835,0.00113810901530087,0.03805387020111084,0.03941823169589043,Sci/Tech -> World
Broadband charges set to tumble The cost of broadband internet access is likely to fall after Ofcom ordered British Telecom to cut the amount it charges internet providers.,2,Business,Sci/Tech,0.9206740260124207,0.8443816378712654,28,0.002821741858497262,0.00021179650502745062,0.07629238814115524,0.9206740260124207,Business -> Sci/Tech
Cellphone Industry Hits Snag as It Woos Untapped Market The mobile phone industry is turning its attention to the last untapped demographic - people over 65.,0,World,Sci/Tech,0.917892336845398,0.8383337706327438,26,0.0022878956515341997,0.00026123240240849555,0.07955856621265411,0.917892336845398,World -> Sci/Tech
"Saudi Arabia, Qatar, Kuwait still risky investments: study (AFP) AFP - Investing remains risky in Saudi Arabia, Qatar and Kuwait, notably because the presence of US forces in the region makes these countries vulnerable to terrorist attacks, a security consulting firm said.",2,Business,World,0.916675865650177,0.8402722999453545,42,0.916675865650177,0.00024977020802907646,0.07640356570482254,0.0066708410158753395,Business -> World
"PeopleSofts big bash See you next year in Las Vegas , proclaimed a marquee at the PeopleSoft user conference in San Francisco in late September. It was one of many not-so-subtle attempts by the company to reassure its customers",2,Business,Sci/Tech,0.9159578084945679,0.8330124914646149,39,0.0006888586794957519,0.0004080848884768784,0.082945317029953,0.9159578084945679,Business -> Sci/Tech
"American Economist Expected to Win Nobel (AP) AP - Americans have dominated the annual Nobel Memorial Prize in Economic Sciences five years running, and it may not surprise Nobel watchers if the trend continues.",2,Business,World,0.9149850606918335,0.8356700092554092,34,0.9149850606918335,0.00030546571360901,0.005394397769123316,0.07931505143642426,Business -> World
"Schwarzenegger Signs 'Foie Gras' Bill (AP) AP - California will end the force feeding of ducks, geese and other birds to produce the gourmet liver product foie gras by 2012 under legislation signed Wednesday by Gov. Arnold Schwarzengger.",3,Sci/Tech,World,0.9147968292236328,0.8369187712669373,38,0.9147968292236328,0.0008280976908281446,0.006497055757790804,0.07787805795669556,Sci/Tech -> World
"Virgin Starts (70) Mile-High Club With the misery that has plagued the airline industry recently, the last place you'd expect to see some inspiring -- heck, potentially rule-breaking -- thinking would be from an airline entrepreneur.",3,Sci/Tech,Business,0.9130799770355225,0.8345354050397873,36,0.0062566050328314304,0.002118872245773673,0.9130799770355225,0.07854457199573517,Sci/Tech -> Business
"EPA May Conduct Human Tests for Chemicals (AP) AP - In setting limits on chemicals in food and water, the Environmental Protection Agency may rely on industry tests that expose people to poisons and raise ethical questions.",0,World,Sci/Tech,0.9126496315002441,0.8281840458512306,37,0.08446558564901352,0.0006925325724296272,0.0021922835148870945,0.9126496315002441,World -> Sci/Tech
"BBC 'must keep up' BBC boss Mark Thompson says the corporation must keep up with change, after announcing nearly 3,000 job cuts.",0,World,Business,0.9123375415802002,0.8673503361642361,22,0.04498720541596413,0.0008141818107105792,0.9123375415802002,0.041861098259687424,World -> Business
"$78,000 for a Cane That Helped a Legend Walk the Line Many of Johnny Cash's possessions were sold at Sotheby's, collecting $3,984,260 for the Cash family, more than double the pre-auction estimate.",0,World,Business,0.9120868444442749,0.8754111304879189,32,0.03667571395635605,0.020973406732082367,0.9120868444442749,0.030264053493738174,World -> Business
Islands press Govt to reverse phone call decision Diplomats from a number of islands in the South Pacific are reported to be pressing the Government to reverse a decision to block all phone calls made to the islands.,3,Sci/Tech,World,0.9114751815795898,0.8463089093565941,38,0.9114751815795898,0.00044361065374687314,0.022914936766028404,0.06516627222299576,Sci/Tech -> World
"AOL Files Lawsuit Against IM 'Spim ' America Online Inc. said Thursday it had filed a federal lawsuit accusing numerous unnamed defendants of violating federal and state laws by sending bulk messages known as ""spim "" to instant message accounts and Internet chat rooms.",2,Business,Sci/Tech,0.9110413193702698,0.8231092542409897,44,0.0007782563334330916,0.0002483464777469635,0.08793206512928009,0.9110413193702698,Business -> Sci/Tech
"Blame player, not game It was like nothing youd ever exercised your thumbs to before. You could do whatever you wanted, whenever you wanted. The game seemed endless.",3,Sci/Tech,Sports,0.9105754494667053,0.8640951253473759,28,0.012179872952401638,0.9105754494667053,0.030764399096369743,0.04648032411932945,Sci/Tech -> Sports
Baby for ovary transplant woman A Belgian cancer patient made infertile by chemotherapy has given birth following revolutionary treatment.,3,Sci/Tech,World,0.9104912281036377,0.8366599828004837,19,0.9104912281036377,0.00020194216631352901,0.015475588850677013,0.07383124530315399,Sci/Tech -> World
"Telephone Tag (Forbes.com) Forbes.com - ARRIS GROUP (5, ARRS) saw its market cap unjustifiably halved recently when Comcast, a huge customer (24 of Arris' sales), hinted it might buy next-generation technology from Cisco Systems. Arris supplies the technical guts that cable companies use to provide phone service. (For the reverse phenomenon, see story on p. 162.)",2,Business,Sci/Tech,0.9101258516311646,0.8218220919370651,56,0.0013617046643048525,0.0002087937027681619,0.08830375969409943,0.9101258516311646,Business -> Sci/Tech
"EasyMobile launch set for March Denmark's leading telecoms operator TDC says it will launch a low-budget mobile telephone operator dubbed ""easyMobile "" with mobile network operator T-Mobile in Britain in March 2005.",2,Business,Sci/Tech,0.9085267186164856,0.8193516433238983,32,0.0021180743351578712,0.00018015627574641258,0.08917507529258728,0.9085267186164856,Business -> Sci/Tech
Hynix's 3Q Profit More Than Triples (AP) AP - South Korea's Hynix Semiconductor Inc. said Monday its third-quarter net profit more than tripled from same period last year thanks to steady global prices for memory chips.,0,World,Sci/Tech,0.9060298800468445,0.8296977579593658,36,0.07633212208747864,0.0004644565051421523,0.01717359572649002,0.9060298800468445,World -> Sci/Tech
"PeopleSoft Plays Defense The business software maker inks a deal with IBM, but it isn't likely to dissuade Oracle.",2,Business,Sci/Tech,0.9047338366508484,0.8105574548244476,19,0.0008363262750208378,0.00025344573077745736,0.09417638182640076,0.9047338366508484,Business -> Sci/Tech
"Volkswagen May Be Close to Settling Its Wage Talks Volkswagen and its workers entered a critical week in their wage negotiations on Monday, with signs that a compromise was taking shape even as protests flared at factories across Germany.",0,World,Business,0.9023088216781616,0.8231828510761261,39,0.07912597060203552,0.00047480559442192316,0.9023088216781616,0.018090451136231422,World -> Business
Japan govt body to call for 5.7 billion dollar aid to Daiei (AFP) AFP - A Japanese government-backed organization will ask financial institutions to provide troubled retailer Daiei with 600 billion yen (5.7 billion dollars) in financial assistance.,2,Business,World,0.9001609683036804,0.8074279576539993,38,0.9001609683036804,0.00020313741697464138,0.09273301064968109,0.006902878638356924,Business -> World
"U.S. Seeks Reconciliation with Oil-Rich Venezuela SAO PAULO, Brazil (Reuters) - The United States said on Monday it will seek better ties with oil-rich Venezuela in the clearest sign since President Hugo Chavez won a recall referendum in August that Washington is looking for reconciliation with the firebrand populist.",0,World,Business,0.8976704478263855,0.7982330992817879,49,0.09943734854459763,0.0003251320158597082,0.8976704478263855,0.0025671503972262144,World -> Business
"An Unknown Giant Flexes Its Muscles Although virtually unknown in the U.S., Lenovo - in talks to buy I.B.M.'s personal computer business - is China's largest PC maker and the world's fastest growing one.",3,Sci/Tech,Business,0.8976452350616455,0.7993357256054878,34,0.003633111249655485,0.0004121539241168648,0.8976452350616455,0.09830950945615768,Sci/Tech -> Business
"Tough Talks Ahead After EU Is Criticized Efforts to forge the world's largest free trade zone between the European Union and South America's Mercosur economic bloc are unlikely to be concluded by an Oct. 31 deadline, the EU said Thursday, with both sides declaring each other's trade offers insufficient.",0,World,Business,0.8950170278549194,0.7961816117167473,49,0.09883541613817215,0.00025248806923627853,0.8950170278549194,0.005895054899156094,World -> Business
Infineon to Pay a Fine in the Fixing Of Chip Prices Federal prosecutors announced on Wednesday that they had cracked a global cartel that had illegally fixed prices of memory chips in personal computers and servers for,2,Business,Sci/Tech,0.8926069140434265,0.7867572605609894,37,0.0013017825549468398,0.00024169411335606128,0.10584965348243713,0.8926069140434265,Business -> Sci/Tech
"IBM posts broad Q3 revenue growth NEW YORK - IBM Corp. posted quarterly results on Monday showing 9 percent revenue growth from last year and slight earnings growth, despite a $320 million charge it took during the quarter to settle some claims in a lawsuit over its pension plan.",3,Sci/Tech,Business,0.8918289542198181,0.7858877629041672,49,0.0019181787502020597,0.0003116423904430121,0.8918289542198181,0.10594119131565094,Sci/Tech -> Business
"Unisys to lay off 1,400 workers Unisys Corp. plans to cut 1,400 jobs, primarily in general and administrative areas, and consolidate its office space worldwide, it announced Wednesday. The cuts represent 3.8 percent of the company's staff of 37,000.",3,Sci/Tech,Business,0.8915414214134216,0.7863085493445396,39,0.0029206376057118177,0.0003049616643693298,0.8915414214134216,0.10523287206888199,Sci/Tech -> Business
"Ericsson Selected by MTN South Africa to Supply 3G/WCDMA Network STOCKHOLM, Sweden --(Business Wire)-- Dec. 10, 2004 -- Ericsson (NASDAQ:ERICY) has been selected by MTN South Africa to supply 3G/WCDMA network.",3,Sci/Tech,Business,0.890425980091095,0.7834559082984924,31,0.002429904183372855,0.00017402064986526966,0.890425980091095,0.10697007179260254,Sci/Tech -> Business
Ryder Cup: Europe close on victory Another good day at Oakland Hills sees Europe move 11-5 clear of the USA going into Sunday's Ryder Cup singles.,0,World,Sports,0.8898002505302429,0.7810475826263428,26,0.10875266790390015,0.8898002505302429,0.0010506963590160012,0.00039642342017032206,World -> Sports
Yahoo and SBC extend partnership and plan new services Yahoo and SBC Communications have agreed to collaborate to extend some of the online services and content they currently provide to PC users to mobile phones and home entertainment devices.,2,Business,Sci/Tech,0.8885928392410278,0.7787223979830742,39,0.001293335692025721,0.00024343111726921052,0.10987044125795364,0.8885928392410278,Business -> Sci/Tech
"Forecasters: More Hurricanes May Be on Way Ivan, Frances and Charley delivered three staggering blows to the Gulf Coast and Florida, as well as Caribbean island nations, all in just five weeks.",3,Sci/Tech,Business,0.886581301689148,0.8163733258843422,32,0.07020797580480576,0.0024675887543708086,0.886581301689148,0.04074319452047348,Sci/Tech -> Business
Safety Group Closely Echoes Rail Industry Documents show that the nation's most influential rail-safety group is tightly bound to the railroad industry.,0,World,Business,0.8852508664131165,0.7920316755771637,22,0.0209867674857378,0.0005431788158603013,0.8852508664131165,0.09321919083595276,World -> Business
Fusion reactor decision must wait Six nations planning to build the world's biggest nuclear fusion reactor fail to agree where to site the facility.,3,Sci/Tech,World,0.8822981119155884,0.7823712378740311,24,0.8822981119155884,0.00022173843171913177,0.017553281038999557,0.09992687404155731,Sci/Tech -> World
Judge asked to penalize Microsoft over e-mails Burst.com asked a US judge to penalize Microsoft for destroying e-mails it says the world's largest software company should have preserved as evidence in antitrust suits.,2,Business,Sci/Tech,0.8815377354621887,0.7644957602024078,33,0.0011447577271610498,0.00027551400125958025,0.11704197525978088,0.8815377354621887,Business -> Sci/Tech
Court ruling has fat cats purring THE future of horseracing in Britain was thrown into confusion this week as a result of a judgment by the European Court of Justice.,3,Sci/Tech,World,0.8800013661384583,0.8322123102843761,30,0.8800013661384583,0.028078949078917503,0.04778905585408211,0.04413054138422012,Sci/Tech -> World
"Avis blames IT for multimillion-dollar loss The car rental company takes a major hit because of problems with IT, including high costs associated with an ERP project.",3,Sci/Tech,Business,0.8782936334609985,0.7620023414492607,27,0.0046857427805662155,0.0007292904774658382,0.8782936334609985,0.11629129201173782,Sci/Tech -> Business
Wal-Mart Anchors Windows Media Mall The world's largest software company has teamed with the world's largest retailer to help kick off the latest version of Windows Media Player.,2,Business,Sci/Tech,0.8778719305992126,0.7572848871350288,28,0.0013087309198454022,0.00023235581465996802,0.12058704346418381,0.8778719305992126,Business -> Sci/Tech
"Approval Expected for Big Cellphone Deal Federal regulators will formally approve Cingular Wireless's $41 billion purchase of AT &T Wireless today, company officials briefed on the matter said over the weekend.",3,Sci/Tech,Business,0.8772622346878052,0.7565224841237068,31,0.0017071566544473171,0.00029084572452120483,0.8772622346878052,0.12073975056409836,Sci/Tech -> Business
Feed-Tube Law Is Struck Down in Florida Case The court said that Gov. Jeb Bush violated separation of powers when he signed a law to keep Theresa Schiavo alive.,0,World,Business,0.8769437670707703,0.8004224747419357,29,0.07652129232883453,0.0005621473537757993,0.8769437670707703,0.04597285017371178,World -> Business
"E.U. Regulators Approve Oracle's PeopleSoft Bid European Union antitrust regulators on Tuesday cleared Oracle Corp.'s hostile $7.7 billion bid for rival business software maker PeopleSoft Inc., removing one of the last major hurdles to the contested takeover proposal.",3,Sci/Tech,Business,0.8768113851547241,0.7562528625130653,38,0.0023175962269306183,0.0003124477225355804,0.8768113851547241,0.12055852264165878,Sci/Tech -> Business
"Intel Posts Higher Profit, Sales Computer-chip maker Intel Corp. said yesterday that earnings for its third quarter were $1.9 billion -- up 15 percent from the same quarter a year ago -- but the company cautioned that computer-processor demand in the United States is likely to remain low.",3,Sci/Tech,Business,0.8747578263282776,0.7512771636247635,48,0.0013832667609676719,0.00037829429493285716,0.8747578263282776,0.1234806627035141,Sci/Tech -> Business
Nortel lowers expectations Nortel said it expects revenue for the third quarter to fall short of expectations.,3,Sci/Tech,Business,0.8715974688529968,0.7468158230185509,17,0.003378767054527998,0.00024203928478527814,0.8715974688529968,0.12478164583444595,Sci/Tech -> Business
"Cocoa prices down but Ivorian exports still blocked World cocoa prices were down on Tuesday but off the day's lows as exports remained on hold after mob violence and military clashes in Ivory Coast, the key global supplier, traders said.",0,World,Business,0.8713254928588867,0.7462653368711472,40,0.12506015598773956,0.00033130228985100985,0.8713254928588867,0.003283016150817275,World -> Business
"A Founding Father? Give the guy some credit. Tung Chee-hwa, Hong Kong's embattled Chief Executive, gets precious little of it from his people these daysand heaps of",0,World,Business,0.8700644373893738,0.7846565693616867,27,0.08540786802768707,0.00544705567881465,0.8700644373893738,0.03908062353730202,World -> Business
"Nursery rhymes more violent than TV (Reuters) Reuters - Children's nursery rhymes contain 10 times more violence than television shows broadcast before the 9 p.m. ""watershed"" after which more adult content can be shown, research has said.",0,World,Sci/Tech,0.8673720955848694,0.7606646865606308,37,0.10670740902423859,0.002654637908563018,0.02326585166156292,0.8673720955848694,World -> Sci/Tech
How to take the perfect penalty A sports psychologist says how footballers should prepare themselves for the high-pressure penalties.,3,Sci/Tech,Sports,0.8663747906684875,0.7964957728981972,19,0.06987901777029037,0.8663747906684875,0.011207233183085918,0.05253901332616806,Sci/Tech -> Sports
"Cendant Near Deal to Buy Orbitz for $1.2 Bln-Source (Reuters) Reuters - Travel and real estate company Cendant Corp. is close to an agreement to buy online travel site Orbitz Inc. for about $1.2 billion in cash, a source close to the talks said on Tuesday.",3,Sci/Tech,Business,0.8615933656692505,0.7265384197235107,46,0.0031431098468601704,0.00020859875075984746,0.8615933656692505,0.13505494594573975,Sci/Tech -> Business
"Gold Indian Coin Expected to Fetch $27,000 (Reuters) Reuters - An Indian gold coin which is nearly 1,900 years old and shows one of the earliest depictions of Buddha is to be sold at auction where it is expected to fetch up to 15,000 pounds ( $27,000).",3,Sci/Tech,World,0.860887348651886,0.764841616153717,47,0.860887348651886,0.0017831348814070225,0.0412837453186512,0.09604573249816895,Sci/Tech -> World
Drug makers target counterfeits Big pharmaceutical companies are testing new tracking technology they hope will help them spot counterfeit drugs before they reach consumers' medicine cabinets.,2,Business,Sci/Tech,0.8605359196662903,0.7542844116687775,26,0.0328064039349556,0.0004062415100634098,0.10625150799751282,0.8605359196662903,Business -> Sci/Tech
"Jolly Online Shoppers Making Cash Registers Jingle Online holiday shoppers this year are making cash registers jingle and meeting analysts ' expectations as they spent $8.8 billion in November, researchers said Monday.",2,Business,Sci/Tech,0.8599429726600647,0.7221755683422089,32,0.001928466372191906,0.00036114375689066947,0.13776740431785583,0.8599429726600647,Business -> Sci/Tech
"Democrats Question Kerry's Campaign Funds Democratic Party leaders said Wednesday they want to know why Sen. John Kerry ended his presidential campaign with more than $15 million in the bank, money that could have helped Democratic candidates across the country.",0,World,Business,0.8564102053642273,0.7224228531122208,40,0.13398735225200653,0.00043892496614716947,0.8564102053642273,0.009163586422801018,World -> Business
Forecast Frosty for U.S.-Canadian Ties TORONTO -- The weather won't be the only thing that's cool when President Bush visits neighboring Canada next week.,0,World,Business,0.8554677963256836,0.7153174877166748,24,0.1401503086090088,0.0009047125349752605,0.8554677963256836,0.003477111691609025,World -> Business
"Gateway Reports Smaller Quarterly Loss Gateway Inc. reported a narrowed net loss in the first quarter as it continues to restructure its operations and integrate its acquisition of eMachines. Still, the personal computer and electronics company posted a tiny operating profit -- its first in nearly three years.",3,Sci/Tech,Business,0.8547971248626709,0.7125488519668579,48,0.002244598465040326,0.0007099419599398971,0.8547971248626709,0.142248272895813,Sci/Tech -> Business
"India's Tata makes powerful debut Shares in Indian software services giant Tata Consultancy close 16 higher on their market debut, raising $1.2bn for the company.",0,World,Business,0.8540126085281372,0.7130980640649796,25,0.004690585192292929,0.00038227345794439316,0.8540126085281372,0.14091454446315765,World -> Business
"Ellison: Data Hubs Could've Prevented 9/11 SAN FRANCISCO -- Oracle CEO Larry Ellison is convinced that had the intelligence community used a unified database from Oracle, the terrorist attacks on 9/11 would never have happened.",2,Business,Sci/Tech,0.8489283323287964,0.70002581179142,35,0.0019041349878534675,0.0002650646201800555,0.1489025205373764,0.8489283323287964,Business -> Sci/Tech
"Slowing population 'lacks funds' Rich countries are giving only half the amount they promised to help to slow world population growth, the UN says.",3,Sci/Tech,World,0.8479335308074951,0.7279586344957352,24,0.8479335308074951,0.00032087063300423324,0.11997489631175995,0.0317707397043705,Sci/Tech -> World
Our mobile margins will fall: Telstra TELSTRA chief financial officer John Stanhope has admitted Telstra's margins in its $4.5 billion a year mobile phone business will shrink this year in the face of increased price competition and the growing cost of acquiring new customers.,3,Sci/Tech,Business,0.8474318385124207,0.698443666100502,44,0.0032357107847929,0.0003442995366640389,0.8474318385124207,0.14898817241191864,Sci/Tech -> Business
Cocoa farmers issue strike threat Unions are threatening a general strike in the Ivory Coast in a protest against the prices farmers are paid for their cocoa supplies.,2,Business,World,0.8468570709228516,0.704660564661026,28,0.8468570709228516,0.0004285692994017154,0.14219650626182556,0.010517889633774757,Business -> World
"Oil exports flow as strike woes ease A general strike in Nigeria, which has raised fears over oil supply from the world's seventh-largest exporter, will likely end its first phase on Thursday ""all going well "", union leaders said.",0,World,Business,0.8468429446220398,0.6987544596195221,39,0.1480884850025177,0.00037490707472898066,0.8468429446220398,0.004693642724305391,World -> Business
"SIA: Chip sales to hit record, flatten Worldwide semiconductor sales will hit an all-time high in 2004 but stay relatively flat in 2005 before climbing again over the next two years, according to the Semiconductor Industry Association.",2,Business,Sci/Tech,0.8453637361526489,0.6921413540840149,37,0.0011958632385358214,0.00021796216606162488,0.15322238206863403,0.8453637361526489,Business -> Sci/Tech
"Hewlett-Packard buys Synstar Palo Alto-based Hewlett-Packard Co. has bought IT services company Synstar plc, of Bracknell, England for about $293.3 million. Synstar has some 1,500 customers across Europe, selling IT support for various computer platforms.",2,Business,Sci/Tech,0.8448752164840698,0.6910307258367538,35,0.0010687721660360694,0.00021146256767679006,0.15384449064731598,0.8448752164840698,Business -> Sci/Tech
"Fujitsu Siemens profit grows 60 percent Fujitsu Siemens Computers (Holding) BV, Europe's largest remaining computer manufacturer, posted a 60 percent leap in profit for the first half of its fiscal year on higher sales of laptops and servers to business customers, the company said Wednesday.",3,Sci/Tech,Business,0.8447220921516418,0.6932426989078522,45,0.003456386271864176,0.00034211110323667526,0.8447220921516418,0.15147939324378967,Sci/Tech -> Business
"Bea Arthur for President Bea Arthur sparked a security scare at Logan Airport in Boston this week when she tried to board a Cape Air flight with a pocketknife in her handbag. The ""Golden Girls"" star, now 81, was flagged by a Transportation Security Administration agent, who discovered the knife - a strict no-no following 9/11. ""She started yelling that it wasn't hers and said 'The terrorists put it there,' "" a fellow passenger said. ""She kept yelling about the 'terrorists, the terrorists, the terrorists.' "" After the blade was confiscated, Arthur took a keyring from her bag and told the agent it belonged to the ""terrorists,"" before throwing it at them. - via philly.com",3,Sci/Tech,Business,0.8444828391075134,0.7147252857685089,115,0.023323271423578262,0.002436254173517227,0.8444828391075134,0.12975755333900452,Sci/Tech -> Business
Amazon sues spammers for misleading consumers SEATTLE -- Amazon.com has filed three lawsuits in King County Superior Court against unidentified defendants who allegedly forged e-mails and Web sites to fool consumers into thinking they are doing business with the Internet retailer.,2,Business,Sci/Tech,0.8443150520324707,0.6900753974914551,41,0.0011670313542708755,0.0002782043011393398,0.15423965454101562,0.8443150520324707,Business -> Sci/Tech
US edge out Brazil for gold The United States beat Brazil 2-1 in extra time to win the women's Olympic football tournament.,0,World,Sports,0.8441646099090576,0.6924091130495071,22,0.15175549685955048,0.8441646099090576,0.0026959963142871857,0.0013838799204677343,World -> Sports
"ASCAP Shakes Down Burning Man for Music Royalties LOS ANGELES, CA -- Officials from ASCAP today indicated they intend to pursue music royalties from the organizers of Burning Man, an artist's gathering and celebration held over the Labor Day holiday near Reno, NV. The unconventional event, held annually since 1986, has never paid fees for any of the music played at the event, says ASCAP. ""We intend to pursue all available avenues to get this issue resolved,"" said Tony Wilcox, ASCAP spokesperson.",3,Sci/Tech,Business,0.8429458141326904,0.6985792964696884,82,0.01137272734194994,0.0013149823062121868,0.8429458141326904,0.14436651766300201,Sci/Tech -> Business
"Lexmark Loss Good for Consumers Lexmark's loss in court on Tuesday may mean that consumer electronics companies won't try to use the Digital Millenium Copyright Act as an all-purpose competition shield anymore, consumer advocates say. By Katie Dean.",2,Business,Sci/Tech,0.8402366042137146,0.6817568987607956,38,0.001057569170370698,0.000226108095375821,0.158479705452919,0.8402366042137146,Business -> Sci/Tech
"Gateway Can Party Like It's 1999 Those were heady days, they were, back in 1999. The bull market was still roaring. We hadn't yet heard of hanging or dimpled chads.",3,Sci/Tech,Business,0.8395775556564331,0.7187725529074669,30,0.014398024417459965,0.12080500274896622,0.8395775556564331,0.02521941252052784,Sci/Tech -> Business
"Sun posts narrower quarterly loss OCTOBER 14, 2004 (REUTERS) - SAN FRANCISCO -- Sun Microsystems Inc. today posted a narrower quarterly loss as revenue rose year over year for the second consecutive quarter after three years of declines, sending shares slightly higher.",3,Sci/Tech,Business,0.8390800356864929,0.6805393844842911,42,0.0018282771343365312,0.0005510044284164906,0.8390800356864929,0.15854065120220184,Sci/Tech -> Business
Amazon's UK DVD Rentals Might Presage War with Netflix Analysts said Amazon's launch of the DVD rental service in the UK might be to test its approach and streamline the logistically difficult process of handling DVDs through the mail.,2,Business,Sci/Tech,0.8388869762420654,0.6801402717828751,39,0.0021178224124014378,0.00024849377223290503,0.15874670445919037,0.8388869762420654,Business -> Sci/Tech
"Meet UK's 'Dr Dolittle ' of animal behaviour London - Lincoln University in the east of England has appointed Britain's first professor of animal psychiatry, a report said on Tuesday.",3,Sci/Tech,World,0.8382499814033508,0.7180564403533936,30,0.8382499814033508,0.0017172080697491765,0.03983929753303528,0.12019354104995728,Sci/Tech -> World
"Vodafone begins 3G service Vodafone launches its third-generation services for mobile phones, offering video calls, music downloads and games.",2,Business,Sci/Tech,0.8355247378349304,0.6730242520570755,19,0.0017825128743425012,0.0001923165109474212,0.16250048577785492,0.8355247378349304,Business -> Sci/Tech
"Car Seats Measured for Whiplash Safety Using a new dynamic test and a dummy designed especially for rear impact testing, the Insurance Institute for Highway Safety has rated 73 seat/head restraint combinations available in 63 car models sold in the US market.",3,Sci/Tech,Business,0.8340358138084412,0.6740211248397827,42,0.004338649567216635,0.0016108942218124866,0.8340358138084412,0.16001468896865845,Sci/Tech -> Business
"DreamWorks Moves Shrek 3 to 2007 DreamWorks announced today that it has decided to move its release of Shrek 3 from November 2006 to May, 2007. ""We believe there are more than a half a dozen strong release windows available annually for our",2,Business,Sci/Tech,0.8302252292633057,0.6622030735015869,43,0.0013079666532576084,0.00044467003317549825,0.16802215576171875,0.8302252292633057,Business -> Sci/Tech
"The C.E.O. Vanishes, and Other Mysteries Why did PeopleSoft, in the midst of a takeover fight with Oracle, fire its chief executive and president? Who knows? And that's a problem.",3,Sci/Tech,Business,0.8285655975341797,0.6610777676105499,30,0.00316626182757318,0.0007803248590789735,0.8285655975341797,0.16748782992362976,Sci/Tech -> Business
Pen can pick some bike U-locks That U-shaped bike lock that you thought was so secure may be easy pickings for thieves who have nothing more sophisticated than a Bic pen.,2,Business,Sci/Tech,0.8277924656867981,0.6881333142518997,31,0.0291345976293087,0.0034137938637286425,0.13965915143489838,0.8277924656867981,Business -> Sci/Tech
Press review 0850CET--The seizure of fake Nike sportswear by the Customs Department was one of the main stories on Wednesday's newspapers. L-Orizzont published,3,Sci/Tech,Sports,0.8275959491729736,0.6792762726545334,23,0.01426059938967228,0.8275959491729736,0.14831967651844025,0.009823822416365147,Sci/Tech -> Sports
"ASEAN moves closer to single market with 'road map ', global trade <b>...</b> JAKARTA : ASEAN finance ministers ended a meeting which saw Southeast Asia edge closer to a Europe-style single market, laying out a ""road map "" for integration and opening doors to wider global trade.",0,World,Business,0.8262492418289185,0.6618564575910568,47,0.16439278423786163,0.00028652374749071896,0.8262492418289185,0.00907145719975233,World -> Business
"Symantec Said to Be in Talks for Veritas Symantec, which produces the Norton line of computer products, is in talks to acquire Veritas Software, a maker of data backup programs.",2,Business,Sci/Tech,0.824938952922821,0.6511194854974747,30,0.0009912411915138364,0.00025028633535839617,0.17381946742534637,0.824938952922821,Business -> Sci/Tech
"Movies in a snap: Netflix and TiVo discuss downloads Bee Staff Writer. The high-tech ground is shifting underfoot again, amid rumblings of a new Silicon Valley alliance that would let owners of TiVo Inc.",2,Business,Sci/Tech,0.8229159712791443,0.6472506672143936,34,0.0010803689947351813,0.00033839038223959506,0.17566530406475067,0.8229159712791443,Business -> Sci/Tech
India seeks new TV bids The Indian Board re-opens the bidding for TV rights after Australian threaten to cancel their tour.,0,World,Business,0.819183349609375,0.6635274887084961,21,0.1556558609008789,0.0013329331995919347,0.819183349609375,0.023827848955988884,World -> Business
"Dell cuts prices on many corporate products Dell on Monday said it had cut prices by as much as fifth for a range of products aimed at US corporate customers, as the computer maker passed along savings from cheaper components.",3,Sci/Tech,Business,0.8181106448173523,0.6380737274885178,40,0.0014905963325873017,0.00036184414057061076,0.8181106448173523,0.18003691732883453,Sci/Tech -> Business
Will Hutton There were two stories last week that will have world-shaping implications. The first was in a Paris hospital and a compound in Ramallah.,2,Business,Sports,0.8177496790885925,0.6634403020143509,25,0.15430937707424164,0.8177496790885925,0.024779558181762695,0.0031614007893949747,Business -> Sports
"Local group joins suit to de-list endangered species Bob Briggs wifes family has owned about 1,000 acres of redwood forest off Waddell Creek since 1913. He doesnt clearcut, and logs about once a decade.",2,Business,Sci/Tech,0.8173909783363342,0.6654560565948486,34,0.015612617135047913,0.015061537735164165,0.1519349217414856,0.8173909783363342,Business -> Sci/Tech
Confident Bush Outlines Ambitious Plan for 2nd Term President Bush said he would begin work immediately on his proposal to overhaul Social Security.,0,World,Business,0.8162813782691956,0.6431154608726501,23,0.1731659173965454,0.00036066255415789783,0.8162813782691956,0.010192002169787884,World -> Business
"Hamm should support Yang Paul Hamm needs a new marketing strategy. Either that, or he needs a clue. One harmless gesture separates him from lionization in America and canonization in South Korea, and",1,Sports,Business,0.8157539963722229,0.6828544735908508,33,0.02091319113969803,0.13289952278137207,0.8157539963722229,0.030433250591158867,Sports -> Business
"British grocer Tesco sees group sales rise 12.0-percent (AFP) AFP - Tesco, Britain's biggest supermarket chain, said that group sales grew by 12.2 percent in the third quarter, driven by strong performances from its stores at home and abroad.",2,Business,World,0.8148016333580017,0.6358522772789001,39,0.8148016333580017,0.00028373891836963594,0.17894935607910156,0.005965219344943762,Business -> World
"Corporate Krueger haunts PeopleSoft A few weeks ago the then-CEO of PeopleSoft, Craig Conway, posed the following question to attendees at a technology conference: ""Have you ever had a bad dream that never ended?",2,Business,Sci/Tech,0.8116341233253479,0.6249908208847046,34,0.0011697682784870267,0.0005527638713829219,0.1866433024406433,0.8116341233253479,Business -> Sci/Tech
"Tyncastle sale gets official go ahead Of the votes received by proxy and from shareholders in the room at a stormy extraordinary general meeting last night, 62.5 were in favour of the resolution.",1,Sports,Business,0.8064459562301636,0.6298315674066544,33,0.010199877433478832,0.17661438882350922,0.8064459562301636,0.006739708129316568,Sports -> Business
"Navy streamlines NMCI contract Officials at the Navy and contractor EDS said they have reached an agreement to revise performance measurements on the Navy Marine Corps Intranet contract, which EDS called a critical step toward billing NMCI seats on a 100 percent basis.",3,Sci/Tech,Business,0.8058866858482361,0.6162645816802979,43,0.004208944272249937,0.0002822895476128906,0.8058866858482361,0.18962210416793823,Sci/Tech -> Business
"Plus: Cendant reported to buy Ebookers SAN FRANCISCO (CBS.MW) -- Not only did the word ""blog "" enter Merriam-Webster's dictionary this year, but Microsoft is getting on the personalized e-journal bandwagon.",3,Sci/Tech,Business,0.8049919605255127,0.6113693714141846,31,0.001118060783483088,0.0002674283168744296,0.8049919605255127,0.19362258911132812,Sci/Tech -> Business
"Contradiction in Terms : How to make beer It's been around for thousands of years. It has been worshiped, reviled, banned, and made the cornerstone of economies. It has helped us celebrate, weep, relax, and get laid. And now we're going to make some. A pint, a glass, an ale, a lager, a beer.",3,Sci/Tech,Business,0.8042086362838745,0.6646895706653595,54,0.03291445970535278,0.02335784025490284,0.8042086362838745,0.13951906561851501,Sci/Tech -> Business
"FCC exempts fiber-to-curb from sharing requirements The Federal Communications Commission Thursday voted to allow incumbent telephone carriers from sharing fiber-to-the-curb deployments from competitors, prompting one incumbent to announce an accelerated fiber rollout.",2,Business,Sci/Tech,0.8029089570045471,0.6086052507162094,32,0.0024586461950093508,0.0003286518040113151,0.1943037062883377,0.8029089570045471,Business -> Sci/Tech
SC to hear Zee petition tommorrow Five judges of the top court will hear a petition filed by Zee Telefilms on Tuesday. A three-judge panel of the Supreme Court said a five-judge bench would hear the dispute that threatens the rights of India's,1,Sports,Business,0.8022289276123047,0.6212518662214279,43,0.18097706139087677,0.0019158157519996166,0.8022289276123047,0.014878231100738049,Sports -> Business
Infineon admits conspiracy in DRAM cartel GIANT MEMORY company Infineon will plead guilty to price fixing of DRAM chips and will pay $160 million in fines to the US government.,2,Business,Sci/Tech,0.7989461421966553,0.5998825877904892,30,0.0016933927545323968,0.00029684053151868284,0.19906355440616608,0.7989461421966553,Business -> Sci/Tech
"Toyota: Some security firms promise too much If ""it sounds like you are being offered a panacea, then it's time to change the conversation,"" says an exec for the firm.",3,Sci/Tech,Business,0.7947937250137329,0.595777615904808,30,0.005493605509400368,0.0006965883658267558,0.7947937250137329,0.19901610910892487,Sci/Tech -> Business
"Show lights up Paralympics The XII Paralympics begins in Athens, after a spectacular opening ceremony.",0,World,Sports,0.792807936668396,0.6227037310600281,15,0.17010420560836792,0.792807936668396,0.005792710930109024,0.03129512816667557,World -> Sports
"Hurricane Ivan Slams U.S. Gulf Coast Hurricane Ivan roared into the Gulf Coast near Mobile, Alabama, early this morning with peak winds exceeding 125 miles an hour (200 kilometers an hour).",3,Sci/Tech,World,0.7904933094978333,0.6131336688995361,31,0.7904933094978333,0.0032191185746341944,0.17735964059829712,0.028927911072969437,Sci/Tech -> World
IBM 'to sell PC business ' IBM is reportedly in talks to sell its personal computer business. It would mark the end of an era for the company that brought the computer into the mainstream when it began selling its desktop PC to corporations and consumers in 1981.,2,Business,Sci/Tech,0.7900815010070801,0.5825166255235672,48,0.0019352806266397238,0.00041841165511868894,0.20756487548351288,0.7900815010070801,Business -> Sci/Tech
"Card fraud unit nets 36,000 cards In its first two years, the UK's dedicated card fraud unit, has recovered 36,000 stolen cards and 171 arrests - and estimates it saved 65m.",3,Sci/Tech,Business,0.7860833406448364,0.5952454656362534,31,0.02230977825820446,0.0007689765188843012,0.7860833406448364,0.19083787500858307,Sci/Tech -> Business
"T-Online returns to Deutsche Telekom mothership German incumbent telco Deutsche Telekom announced over the weekend it is to begin taking its internet division, T-Online, back entirely within the mother corporation.",2,Business,Sci/Tech,0.7859395146369934,0.5737799257040024,30,0.0016117919003590941,0.000289151503238827,0.21215958893299103,0.7859395146369934,Business -> Sci/Tech
"R.I.P. Gary Webb -- Unembedded Reporter The finest journalist ever to get fired for telling the truth is dead at age 49. The official cause of death on the death certificate will be suicide. But, as we shall see, he had much help getting to that point. The story of the life and death of Gary Webb says much about the state of American politics and what passes as ""journalism"" in today's America.",3,Sci/Tech,World,0.7842087149620056,0.6101045161485672,73,0.7842087149620056,0.010015586391091347,0.031671516597270966,0.17410419881343842,Sci/Tech -> World
"It's Inauguration Time Again, and Access Still Has Its Price President Bush's inaugural committee, seeking to raise more than $40 million, a record, sent out hundreds of solicitations.",0,World,Business,0.7828728556632996,0.5917129367589951,28,0.020526207983493805,0.00544096389785409,0.7828728556632996,0.1911599189043045,World -> Business
"Cingular Closes $41 Bln ATT Wireless Deal (Reuters) Reuters - Cingular Wireless on Tuesday closed its $41 billion cash purchase of AT T Wireless Services Inc. , creating the biggest U.S. mobile service with more than 46 million customers.",2,Business,Sci/Tech,0.7800720930099487,0.5629824101924896,39,0.002636338584125042,0.0002018906088778749,0.2170896828174591,0.7800720930099487,Business -> Sci/Tech
"GAME UNDER FIRE Attacking police officers, racial slurs, bloody beatings of innocent bystanders ... is it really just a game? In four and a half minutes, 14-year-old Ryan Mason ran over a police officer, stole his gun and shot and killed three innocent bystanders.",3,Sci/Tech,Sports,0.7800071835517883,0.6773312389850616,44,0.10267594456672668,0.7800071835517883,0.08500035852193832,0.03231649845838547,Sci/Tech -> Sports
Will Tellabs Push Its Luck? Perhaps the optical network supplier should call off its merger with AFC.,2,Business,Sci/Tech,0.7799214124679565,0.5619739890098572,17,0.0017468809382990003,0.0003842664009425789,0.21794742345809937,0.7799214124679565,Business -> Sci/Tech
"Intel defeats AMD in court AMD's attempt to persuade the US court to sanction the release of over 60,000 pages of Intel documentation to a European Commission anti-trust enquiry has failed.",2,Business,Sci/Tech,0.7775869965553284,0.5592728555202484,31,0.0038527045398950577,0.0002461175317876041,0.21831414103507996,0.7775869965553284,Business -> Sci/Tech
Donors seek clarity on PA finances Donors to the Palestinians are asking whether the change of leadership can let more light into Palestinian finances.,2,Business,World,0.775497555732727,0.5587209612131119,24,0.775497555732727,0.000383574835723266,0.21677659451961517,0.007342304568737745,Business -> World
"Will there be peace in Great Lakes region? To coordinate and cooperate or not to, that is where the rub is, and that is the key issue when it comes to answering the question whether there will be peace in the Great Lakes region.",0,World,Sci/Tech,0.7750316858291626,0.6178447306156158,44,0.05790608376264572,0.009875304065644741,0.15718695521354675,0.7750316858291626,World -> Sci/Tech
"Netflix, TiVo sign VoD alliance Netflix, the online DVD rental company, and TiVo yesterday said they will work together to deliver movies digitally down the wires, presumably specifically to the latter's PVR equipment.",2,Business,Sci/Tech,0.7748333811759949,0.551366850733757,33,0.001358742592856288,0.0003412849910091609,0.22346653044223785,0.7748333811759949,Business -> Sci/Tech
"Microsoft settles antitrust cases with Novell, CCIA Microsoft Corp on Monday announced antitrust settlements with Novell Inc. and the Computer and Communications Industry Association (CCIA), ending years of legal wrangling.",3,Sci/Tech,Business,0.7680023908615112,0.5380857288837433,30,0.001677091931924224,0.00040393968811258674,0.7680023908615112,0.22991666197776794,Sci/Tech -> Business
"Kids Opt for Kerry in Bellwether Online Poll (Reuters) Reuters - The kids have spoken, and it's Sen. John Kerry with a convincing victory over President Bush on",0,World,Sci/Tech,0.7666422724723816,0.5443011522293091,28,0.2223411202430725,0.0008102171705104411,0.010206460952758789,0.7666422724723816,World -> Sci/Tech
"TheStreet.com May Be Up for Sale -- Report (Reuters) Reuters - TheStreet.com Inc. , the financial news and commentary Web site, may be up for sale, according to a report in Business Week, sparking a 7 percent rise in its shares.",3,Sci/Tech,Business,0.7662826180458069,0.5382432490587234,41,0.005335432011634111,0.00034252225304953754,0.7662826180458069,0.22803936898708344,Sci/Tech -> Business
"Let a Thousand Ideas Flower: China Is a New Hotbed of Research In recent years, hundreds of multinational companies have set up research laboratories in China.",2,Business,Sci/Tech,0.7658215165138245,0.6487024202942848,26,0.11711909621953964,0.0011792961740866303,0.115880087018013,0.7658215165138245,Business -> Sci/Tech
"Canadian freedoms 'under threat' Personal freedoms in Canada are being eroded by the ""war on terror"", the country's privacy commissioner warns.",0,World,Sci/Tech,0.764562726020813,0.5621257424354553,21,0.20243698358535767,0.0007051301654428244,0.03229505196213722,0.764562726020813,World -> Sci/Tech
"Classmates agrees to $100M buyout United Online Inc., a California-based provider of low-cost Internet subscription services, has agreed to buy Internet networking company Classmates Online Inc.",2,Business,Sci/Tech,0.7625170350074768,0.526572585105896,26,0.0012177929747849703,0.00032070023007690907,0.2359444499015808,0.7625170350074768,Business -> Sci/Tech
"Salesforce.com 2Q Profit Up Sharply Software developer Salesforce.com Inc. posted a sharp rise in second-quarter profit on better-than-expected revenue during its first quarter as a public company, but investors shunned the stock in late trading",3,Sci/Tech,Business,0.7607948184013367,0.5236630290746689,35,0.001501603750512004,0.0005717683816328645,0.7607948184013367,0.23713178932666779,Sci/Tech -> Business
"Quick end to US election crucial US President George W. Bush is on the verge of a re-election victory, but Democratic challenger John Kerry is not conceding defeat, at least not now.",2,Business,World,0.7573450207710266,0.5203510373830795,32,0.7573450207710266,0.0004188241728115827,0.23699398338794708,0.0052421740256249905,Business -> World
"PeopleSoft down on testimony, forecast Investors react to a disappointing earnings projection and to testimony that dampens hopes of negotiations with Oracle.",3,Sci/Tech,Business,0.7486242651939392,0.5001569241285324,22,0.0024106830824166536,0.0004977164790034294,0.7486242651939392,0.2484673410654068,Sci/Tech -> Business
"SBC and Yahoo! extend pact to offer Internet service SAN ANTONIO SBC Communications and Yahoo are expanding their high-speed Internet service partnership to link video, wireless phone, Internet and other services.",2,Business,Sci/Tech,0.7483382225036621,0.4982652962207794,31,0.001366414362564683,0.00022244091087486595,0.2500729262828827,0.7483382225036621,Business -> Sci/Tech
"India, Russia must work together on new tech: Putin BANGALORE, DEC 5: Russian President Vladimir Putin has called upon India and Russia to work together on innovative technologies with younger generation taking the lead.",0,World,Sci/Tech,0.7432442903518677,0.5921216011047363,34,0.10505861788988113,0.0005744186928495765,0.15112268924713135,0.7432442903518677,World -> Sci/Tech
"Cingular to Reduce Work Force by Roughly 10 Percent, CEO Says Cingular Wireless LLC, the nation's largest cell phone company, will cut about 10 percent of its 68,000 jobs over the next 12 to 18 months as it combines operations with the recently acquired AT T Wireless, Cingular's chief executive said Tuesday.",3,Sci/Tech,Business,0.7404813766479492,0.4831709861755371,52,0.0017611748771741986,0.00044698279816657305,0.7404813766479492,0.2573103904724121,Sci/Tech -> Business
Touchy Times at Midas The auto maintenance company has a simple business but a complicated prognosis.,2,Business,Sci/Tech,0.7366287112236023,0.4763220548629761,16,0.0026227396447211504,0.0004418874450493604,0.2603066563606262,0.7366287112236023,Business -> Sci/Tech
"Sun trims fourth-quarter earnings by $12 million Sun Microsystems Inc. trimmed its fourth quarter and full-year 2004 results this week, to account for final accounting of asset retirement obligations and its settlement with Microsoft Corp.",3,Sci/Tech,Business,0.7352548837661743,0.4727991223335266,35,0.001749173505231738,0.0005401794333010912,0.7352548837661743,0.2624557614326477,Sci/Tech -> Business
"Oracle chairman says can close gap with SAP - report Oracle Corp can close the gap with SAP, the world's biggest software company, after buying US rival PeopleSoft, Oracle's Chairman Jeff Henley said in an interview published on Wednesday.",2,Business,Sci/Tech,0.7334315776824951,0.46830955147743225,39,0.0011613750830292702,0.00028506218222901225,0.26512202620506287,0.7334315776824951,Business -> Sci/Tech
"(B)old new frontiers Northrop Grumman Corp. and Boeing Co. yesterday announced plans to team up to design a vehicle to take astronauts back to the moon and even beyond, but they've got to make one stop first",2,Business,Sci/Tech,0.7278618812561035,0.4595179557800293,37,0.0032932660542428493,0.0005009321612305939,0.2683439254760742,0.7278618812561035,Business -> Sci/Tech
Alert shuts Los Angeles airport Parts of Los Angeles international airport are temporarily closed down amid reports of a security breach.,0,World,Business,0.7249253392219543,0.5649280250072479,21,0.15999731421470642,0.0012057846179232001,0.7249253392219543,0.11387158930301666,World -> Business
"Iraq's Neighbors to Get Little for Environment Loss (Reuters) Reuters - Iraq's neighbors want tens of billions of dollars for environmental damage done in the 1990-1 Gulf conflict, but are set to get only paltry funds from the United",3,Sci/Tech,World,0.7227621078491211,0.48132576048374176,39,0.7227621078491211,0.0011504922294989228,0.034651149064302444,0.24143634736537933,Sci/Tech -> World
"Amazon.com net sales jump 29; Google reports $52M in net income OCTOBER 22, 2004 (IDG NEWS SERVICE) - Amazon.com Inc. fell a penny short of analysts ' per-share earnings expectations, while reporting net sales of $1.",3,Sci/Tech,Business,0.721991240978241,0.4455925524234772,36,0.0012797391973435879,0.00033031401108019054,0.721991240978241,0.2763986885547638,Sci/Tech -> Business
"MicroStrategy Turnover Draws Analyst Scrutiny MicroStrategy Inc. said yesterday that president and chief financial officer Eric F. Brown had resigned and that founder Michael J. Saylor would again hold the company's top three jobs, prompting some analysts to raise concerns about the company's stock.",3,Sci/Tech,Business,0.721340537071228,0.44512423872947693,44,0.0020565330050885677,0.00038667593616992235,0.721340537071228,0.2762162983417511,Sci/Tech -> Business
"Times to Scrap Broadsheet Edition The Times is to scrap its broadsheet edition and go tabloid from Monday, it was confirmed today. The decision was made after a trial run of the compact edition proved a success, said editor Robert Thomson.",1,Sports,Sci/Tech,0.7182567119598389,0.5714450776576996,41,0.14681163430213928,0.08760099858045578,0.04733063280582428,0.7182567119598389,Sports -> Sci/Tech
Australia in grip of water crisis There is a warning that some of Australia's major cities could run out of drinking water.,3,Sci/Tech,World,0.7165361046791077,0.5695241242647171,22,0.7165361046791077,0.000806017778813839,0.13564589619636536,0.14701198041439056,Sci/Tech -> World
"ScanSoft to acquire 3 software firms ScanSoft Inc. said it plans three acquisitions. The company will acquire Phonetic Systems Ltd., a provider of automated directory assistance and voice-based programs, for $35 million in cash, and an additional consideration of up to $35 million, based on the achievement of performance targets and the potential vesting of a warrant to buy 750,000 common shares. ART Advanced Recognition Technologies ...",2,Business,Sci/Tech,0.7154737114906311,0.4324489235877991,67,0.0011624114122241735,0.0003391302307136357,0.28302478790283203,0.7154737114906311,Business -> Sci/Tech
BLOG That's the most look-ed up world on Merriam-Webster's <b>...</b> A FOUR-LETTER term that came to symbolise the difference between old and new media tops US dictionary publisher Merriam-Webster's list of the 10 words of the year.,3,Sci/Tech,Business,0.7154154777526855,0.4355533719062805,37,0.0039503020234405994,0.0007721521542407572,0.7154154777526855,0.27986210584640503,Sci/Tech -> Business
"CA to buy Netegrity for $430 million com October 6, 2004, 7:36 AM PT. This fourth priority's main focus has been improving or obtaining CRM and ERP software for the past year and a half.",2,Business,Sci/Tech,0.714890718460083,0.43149515986442566,35,0.0012784200953319669,0.00043533986900001764,0.28339555859565735,0.714890718460083,Business -> Sci/Tech
"US star slams sweet-rustlin', phone beepin' theatre crowd (AFP) AFP - Kevin Spacey, the US screen star who is spending a season working for one of London's top West End theatres, lashed out at members of the audience who rustle sweet wrappers and forget to turn off their mobile phones during performances.",3,Sci/Tech,World,0.7133709788322449,0.42930474877357483,52,0.7133709788322449,0.0006616698228754103,0.0019011101685464382,0.28406623005867004,Sci/Tech -> World
"August Chip Sales Growth Slows on High Inventory SAN FRANCISCO (Reuters) - Global semiconductor sales growth slowed to 1 percent in August as electronics makers reacted to growing inventories in Asia by limiting orders of chips, an industry trade group said on Thursday.",3,Sci/Tech,Business,0.712888777256012,0.42826327681541443,43,0.0021992921829223633,0.0002864162961486727,0.712888777256012,0.28462550044059753,Sci/Tech -> Business
"Gates and Ballmer get pay raises Bill Gates and Steve Ballmer each received total compensation of $901,667 in Microsoft Corp.'s 2004 fiscal year, up 4.4 percent from $863,447 one year ago.",3,Sci/Tech,Business,0.7094034552574158,0.42101097106933594,31,0.0015896802069619298,0.0006143219652585685,0.7094034552574158,0.28839248418807983,Sci/Tech -> Business
"France joins Germany, Japan in economic slide (AFP) AFP - The French economy hit a rough patch in the third quarter, throwing the government's full-year growth target into question amid signs of an economic slowdown in the 12-nation eurozone.",2,Business,World,0.7076258063316345,0.4210890829563141,39,0.7076258063316345,0.00029159526457078755,0.28653672337532043,0.005545914173126221,Business -> World
"Software revenue pushes up Oracle's Q2 earnings Oracle Corp. reported second-quarter 2005 earnings that beat analyst expectations on Monday, thanks to new software revenue and continued gains from license updates and product support.",2,Business,Sci/Tech,0.7071332335472107,0.415585994720459,33,0.0009973265696316957,0.00032222154550254345,0.2915472388267517,0.7071332335472107,Business -> Sci/Tech
"South Korea planning huge spending to revive economy: report (AFP) AFP - The South Korean government is preparing a huge ""New Deal "" spending package in the next few years to revive the country's sagging economy, Yonhap news agency said.",2,Business,World,0.7059321999549866,0.4217599928379059,40,0.7059321999549866,0.00037779140984639525,0.2841722071170807,0.009517754428088665,Business -> World
"Lockheed Profit Jumps on IT, Jet Demand <p> </p><p> NEW YORK (Reuters) - No. 1 U.S. defense contractor Lockheed Martin Corp. <LMT.N> reported a 41 percent rise in quarterly profit on Tuesday, beating Wall Street forecasts, as demand soared for its combat aircraft and information technology services.</p>",3,Sci/Tech,Business,0.7056229710578918,0.4389934241771698,47,0.02754778042435646,0.00019977637566626072,0.7056229710578918,0.26662954688072205,Sci/Tech -> Business
"Feds kick off digital TV consumer campaign WASHINGTON - It's one of the biggest technical changes in television since color TV: the digital transition. And because many Americans remain in the dark about it, federal regulators began an education campaign Monday to enlighten them.",2,Business,Sci/Tech,0.7040008306503296,0.41090697050094604,44,0.0025809560902416706,0.000324387161526829,0.29309386014938354,0.7040008306503296,Business -> Sci/Tech
Stanley set sights on Elland Road for casino Stanley Leisure plc has announced a Stanley Casinos Limited plan to develop a casino complex on land adjacent to Leeds United's Elland Road stadium.,2,Business,Sports,0.703835666179657,0.42386171221733093,32,0.009991146624088287,0.703835666179657,0.27997395396232605,0.006199243012815714,Business -> Sports
"Japan's comics retool the art Animation in America once meant Mickey Mouse and Winnie the Pooh. These days, it's just as likely to mean Japanese fighting cyborgs, doe-eyed schoolgirls, and sinister monsters -- thanks in large part to people like John Ledford.",2,Business,Sci/Tech,0.7024804353713989,0.5249941945075989,42,0.17748624086380005,0.014053975231945515,0.10597943514585495,0.7024804353713989,Business -> Sci/Tech
"2 charged after Chicago area pals are slain in NC tragedy Ever since they met in fourth grade, Brett Johnson Harman and Kevin McCann were as close as brothers. ""They had the same mannerisms, the same kind of humor, and they even looked alike, "" said McCann's father, Dennis McCann.",1,Sports,Business,0.7019517421722412,0.5152845978736877,50,0.09149526804685593,0.18666714429855347,0.7019517421722412,0.01988586038351059,Sports -> Business
"Rivals Try to Turn Tables on Charles Schwab By MICHAEL LIEDTKE SAN FRANCISCO (AP) -- With its low prices and iconoclastic attitude, discount stock broker Charles Schwab Corp. (SCH) represented an annoying stone in Wall Street's wing-tipped shoes for decades...",3,Sci/Tech,Business,0.7018802762031555,0.40933600068092346,40,0.005153588019311428,0.00042181985918432474,0.7018802762031555,0.29254427552223206,Sci/Tech -> Business
"Giga counters They're bold, brash and break most rules of business -- so why are the Google guys multi-billionaires? GOOGLE Inc had plenty to celebrate at its recent annual summer picnic -- its debut as a public company",3,Sci/Tech,Business,0.6975961327552795,0.39714521169662476,38,0.0014046966098248959,0.000548222684301436,0.6975961327552795,0.3004509210586548,Sci/Tech -> Business
"America's curse There is an all but unanswerable case for asserting that the biggest story out of the United States this week has nothing to do with the presidential election, has no connection with the flu vaccine shortage and that it does not involve a gay bishop either",1,Sports,Business,0.6971637010574341,0.5391630828380585,48,0.1580006182193756,0.0156465545296669,0.6971637010574341,0.1291891634464264,Sports -> Business
"Japan should outsource more The Japanese information services industry clocked up sales of 13,703.9 billion yen in fiscal 2001, according to a report on selected service industries for 2001 released by the Ministry of Economy, Trade and Industry (METI).",0,World,Business,0.6963904500007629,0.4220972955226898,39,0.02893797867000103,0.00037847651401534677,0.6963904500007629,0.2742931544780731,World -> Business
"Google targets software giant SEATTLE -- Not too long ago, Google Inc. seemed little more than a pesky insect to Microsoft Corp.'s 800-pound gorilla.",2,Business,Sci/Tech,0.6953918933868408,0.3924671411514282,24,0.001130931545048952,0.000552416080608964,0.3029247522354126,0.6953918933868408,Business -> Sci/Tech
Take Two Torts and Call Me in the Morning The friction that sometimes strains the patient-doctor relationship when lawyers seek medical care is at an all-time high.,3,Sci/Tech,Business,0.6942358016967773,0.48062069714069366,27,0.08834116160869598,0.0038079984951764345,0.6942358016967773,0.21361510455608368,Sci/Tech -> Business
Airbus drops out of Microsoft appeal Aircraft builder withdraws its request to intervene in Microsoft's antitrust appeal; Boeing also forgoes intervention.,3,Sci/Tech,Business,0.6881476640701294,0.37912723422050476,21,0.002511717611923814,0.0003202426014468074,0.6881476640701294,0.30902042984962463,Sci/Tech -> Business
Final Round in Cable-ISP Fight The U.S. Supreme Court has agreed to hear whether cable operators must give access to their lines to third-party ISPs. Michael Grebb reports from Washington.,3,Sci/Tech,Business,0.6879565715789795,0.38130438327789307,30,0.00497969426214695,0.0004115151532460004,0.6879565715789795,0.3066521883010864,Sci/Tech -> Business
"Dell, AOL team up in schools initiative ROUND ROCK, Texas -- Dell Inc. and America Online Inc. announced a partnership Monday to provide 5,000 low-income students with free refurbished personal computers and a year's worth of Internet access.",2,Business,Sci/Tech,0.6865304708480835,0.3744702637195587,38,0.0010849775280803442,0.0003243052924517542,0.3120602071285248,0.6865304708480835,Business -> Sci/Tech
"Study: Wrecks Jump 3 Days After Terrorism Fatal traffic accidents increase sharply in Israel on the third day after a terrorist attack, and researchers are searching for an explanation why.",3,Sci/Tech,World,0.6855210661888123,0.3925681412220001,30,0.6855210661888123,0.0008681484614498913,0.020657837390899658,0.29295292496681213,Sci/Tech -> World
"Russia May Ratify Kyoto Protocol in Oct. -- Minister (Reuters) Reuters - The Russian government expects parliament to ratify the Kyoto Protocol this month in a move allowing the long-delayed climate change treaty to come into force worldwide, a senior minister said Monday.",3,Sci/Tech,World,0.68462735414505,0.3835100829601288,43,0.68462735414505,0.00034432363463565707,0.013911070302128792,0.30111727118492126,Sci/Tech -> World
"Taiwan's Acer picks a European as president TAIPEI Acer, the Taiwan computer company, named Gianfranco Lanci of Italy as its president on Wednesday, an appointment that signals the company's ambitions to expand its global market share.",3,Sci/Tech,Business,0.6817156672477722,0.37467023730278015,36,0.010656699538230896,0.0005822606617584825,0.6817156672477722,0.30704542994499207,Sci/Tech -> Business
Silence the loose cannons The US presidential election is finally over! Now the hard part begins. I'm not talking about getting North Korea back to the negotiating table; that will come soon enough.,0,World,Business,0.6810610890388489,0.4078601002693176,33,0.27320098876953125,0.003317216644063592,0.6810610890388489,0.04242074117064476,World -> Business
"Mom Hugs 'Miracle' Baby After Ovarian Transplant (Reuters) Reuters - Ouarda Touirat, her day-old baby daughter nestling in her arms, said Friday she had never lost hope that she could conceive after cancer treatment left her infertile.",3,Sci/Tech,World,0.6797434687614441,0.38087838888168335,37,0.6797434687614441,0.0013762257294729352,0.020015206187963486,0.29886507987976074,Sci/Tech -> World
"Important Rules for Phone Market Face F.C.C. Vote Next week, the FCC will likely change the rules on unbundled networks largely in ways favorable to the Regional bells.",2,Business,Sci/Tech,0.6780524253845215,0.36414921283721924,28,0.007456457242369652,0.0005879476084373891,0.31390321254730225,0.6780524253845215,Business -> Sci/Tech
"India will never become an international liability: Manmohan Singh <b>...</b> India News > The Hague: The Indian Prime Minister, Dr Manmohan Singh, has said that despite three changes in government in the past 14 years since the economic reforms were introduced in the country, there has been no roll back in the reforms programme.",0,World,Business,0.6773933172225952,0.3611351251602173,54,0.31625819206237793,0.0004196898953523487,0.6773933172225952,0.005928773432970047,World -> Business
"EU to probe Microsoft-Time Warner buy The decision is a setback for the two companies and their plan to acquire ContentGuard, a digital rights management firm.",3,Sci/Tech,Business,0.676919162273407,0.35747402906417847,26,0.00333330943249166,0.00030248385155573487,0.676919162273407,0.3194451332092285,Sci/Tech -> Business
"INSIDE INFO: Man Utd shares drop MAN UNITED'S share price has fallen by just over 2.5, less than expected after the resignation of Malcolm Glazer's bankers JP Morgan.",1,Sports,Business,0.673983633518219,0.36817383766174316,28,0.012367907911539078,0.30580979585647583,0.673983633518219,0.007838597521185875,Sports -> Business
"Bangladesh boss slams detractors Bangladesh's coach says they still deserve Test status after their 30th defeat, to India.",0,World,Sports,0.6738400459289551,0.3604782223701477,18,0.3133618235588074,0.6738400459289551,0.011013378389179707,0.0017846913542598486,World -> Sports
"PeopleSoft gets closer to IBM As the threat of a hostile takeover by Oracle rumbles on, PeopleSoft has announced a $1bn partnership with IBM. Speaking at PeopleSoft's user conference in San Francisco yesterday, the company's chief executive",2,Business,Sci/Tech,0.6730775833129883,0.3476966619491577,37,0.0011789790587499738,0.0003623930679168552,0.32538092136383057,0.6730775833129883,Business -> Sci/Tech
The Great Vegetarian Scam Ive written before about my struggle to remain a vegetarian on Tuesday - when I abjure meat for religious reasons -hile travelling.,3,Sci/Tech,World,0.672779381275177,0.4024098515510559,26,0.672779381275177,0.0031057214364409447,0.05374535918235779,0.2703695297241211,Sci/Tech -> World
"EBay gets into rentals EBay plans to buy the apartment and home rental service Rent.com for $415 million, adding to its already exhaustive breadth of offerings.",2,Business,Sci/Tech,0.6725247502326965,0.3467366695404053,26,0.0013651368208229542,0.00032203513546846807,0.32578808069229126,0.6725247502326965,Business -> Sci/Tech
"Some People Not Eligible to Get in on Google IPO Google has billed its IPO as a way for everyday people to get in on the process, denying Wall Street the usual stranglehold it's had on IPOs. Public bidding, a minimum of just five shares, an open process with 28 underwriters - all this pointed to a new level of public participation. But this isn't the case.",3,Sci/Tech,Business,0.6704965829849243,0.34422221779823303,67,0.0026978973764926195,0.000531211553607136,0.6704965829849243,0.3262743651866913,Sci/Tech -> Business
PeopleSoft revises third-quarter profit Oracle target adds $2.6 million to bottom line after tax adjustment related to ex-CEO's severance package.,3,Sci/Tech,Business,0.6703575849533081,0.34336063265800476,20,0.002100215293467045,0.0005452954792417586,0.6703575849533081,0.32699695229530334,Sci/Tech -> Business
"Siemens Says Cellphone Flaw May Hurt Users and Its Profit Siemens, the world's fourth-largest maker of mobile phones, said Friday that a software flaw that can create a piercing ring in its newest phone models might hurt earnings in its handset division.",2,Business,Sci/Tech,0.6693745851516724,0.34102240204811096,42,0.0019948482513427734,0.00027829641476273537,0.3283521831035614,0.6693745851516724,Business -> Sci/Tech
"The battle for DR Congo's wildlife As donors pledge $40m to save DR Congo's wildlife, life in Virunga Park remains a battle ground.",3,Sci/Tech,World,0.6673974394798279,0.3449522852897644,23,0.6673974394798279,0.001495458884164691,0.008661950938403606,0.3224451541900635,Sci/Tech -> World
Stocks Dip on Consumer Income Report News (AP) AP - An unsettling report on consumer incomes set off a spate of profit-taking on Wall Street Monday as investors worried that a tepid economy would erode companies' third-quarter earnings. Another drop in oil prices failed to shake the gloom from the market.,2,Business,World,0.6654431819915771,0.36582741141319275,51,0.6654431819915771,0.0006301361718215048,0.2996157705783844,0.03431094065308571,Business -> World
'Cities in crisis' leaders warn World leaders warn that rapid urbanisation will become one of the biggest challenges of the 21st Century.,3,Sci/Tech,World,0.6648687720298767,0.40202796459198,22,0.6648687720298767,0.0006567355012521148,0.07163366675376892,0.26284080743789673,Sci/Tech -> World
"Travelocity Says Speed Is the Ticket For Growth Sam Gilliand, the chief executive of Travelocity, talks about the online travel industry, the Cendant-Orbitz merger and the woes of the airline industry.",3,Sci/Tech,Business,0.6644776463508606,0.3314976692199707,31,0.0019965283572673798,0.0005457879160530865,0.6644776463508606,0.3329799771308899,Sci/Tech -> Business
"Supreme Court Hears Wine Sales Case Winemakers who want to ship directly to consumers across state lines got a sympathetic hearing at the Supreme Court today, as the justices heard oral arguments in a case that could have a dramatic effect on Internet commerce and states' power to regulate the alcohol trade.",3,Sci/Tech,Business,0.6642546057701111,0.3365192413330078,52,0.007436624728143215,0.0005734119913540781,0.6642546057701111,0.32773536443710327,Sci/Tech -> Business
Hall of Shame Hall of Fame We spotlight people and products that pester us...and the heroes saving us from annoyances.,3,Sci/Tech,Business,0.6638148427009583,0.5245885699987411,20,0.0746147558093071,0.12234414368867874,0.6638148427009583,0.1392262727022171,Sci/Tech -> Business
Microsoft to hire hundreds in India Microsoft on Tuesday announced its decision to localise Windows and Office software in 14 Indian languages over the next 12 months and that the company would hire 'hundreds ' in India this year.,2,Business,Sci/Tech,0.6605654358863831,0.32751592993736267,39,0.006036695092916489,0.0003482739848550409,0.3330495059490204,0.6605654358863831,Business -> Sci/Tech
"PeopleSoft CEO Ousted for 'Situational Ethics ' AccountingWEB.com - October 06, 2004 - The opening of a trial related to Oracle's takeover bid of PeopleSoft featured the revelation that CEO Craig Conway was fired last week for making misleading statements about PeopleSoft's sales.",2,Business,Sci/Tech,0.659882664680481,0.3212012052536011,43,0.0011119485134258866,0.00032394175650551915,0.3386814594268799,0.659882664680481,Business -> Sci/Tech
Chavez rejects CD as opposition Venezuela's President Hugo Chavez has announced that he will no longer recognize the Democratic Coordination or CD as the opposition coalition.,2,Business,World,0.6592792272567749,0.32352614402770996,26,0.6592792272567749,0.0007338955765590072,0.33575308322906494,0.004233743995428085,Business -> World
"Don't expect Tiger to relinquish his top ranking without a fight They're calling Ohio a ""battleground state, "" one of the two or three places likely to decide November's presidential election. On local TV, the Bush and Kerry ads air so frequently that it's easy to forget it's Bob Costas who actually runs the country.",1,Sports,Business,0.6592033505439758,0.4717961698770523,55,0.18740718066692352,0.07676437497138977,0.6592033505439758,0.07662505656480789,Sports -> Business
"Productivity Growth Slowest in 2 Years (AP) AP - The productivity of America's workers grew at a 1.8 percent annual rate in the third quarter, the slowest pace in nearly two years, the government reported Tuesday.",2,Business,World,0.6570413708686829,0.3345852792263031,36,0.6570413708686829,0.0005062762647867203,0.32245609164237976,0.01999625749886036,Business -> World
Update: PeopleSoft board won't negotiate Oracle takeover PeopleSoft executives said over the weekend that they won't discuss a sale to Oracle at a price of $24 per share but would consider an offer at a higher price.,3,Sci/Tech,Business,0.6547431349754333,0.3119685649871826,37,0.001941226888448,0.0005410611629486084,0.6547431349754333,0.34277456998825073,Sci/Tech -> Business
"Douglas, Fraser, and blue await you Jim McLeod has a great day job, but a seasonal sideline is his ' 'tree ' ' calling. Throughout the year, he's president and owner of a software company called InfoCode Corp.",2,Business,Sci/Tech,0.6546784043312073,0.31298592686653137,38,0.0019809415098279715,0.0016482188366353512,0.3416924774646759,0.6546784043312073,Business -> Sci/Tech
BT cuts prices for telecom rivals Ofcom is cutting the price BT can charge its rivals for putting their broadband equipment in its exchanges by up to 60.,2,Business,Sci/Tech,0.6536630988121033,0.3123188018798828,28,0.004702300298959017,0.00029032534803263843,0.34134429693222046,0.6536630988121033,Business -> Sci/Tech
"Bush Promotes His Plan for Missile Defense System President Bush, in Pennsylvania, said that opponents of a missile defense system were putting the nation's security at risk.",0,World,Sci/Tech,0.6502096056938171,0.4046539068222046,27,0.10351689904928207,0.0007178042433224618,0.24555569887161255,0.6502096056938171,World -> Sci/Tech
"$70 Billion Increase in War Funding Sought The Bush administration intends to seek the emergency funding for the wars in Iraq and Afghanistan early next year, officials said on Monday.",0,World,Business,0.6498703956604004,0.33480527997016907,30,0.3150651156902313,0.0007851614500395954,0.6498703956604004,0.03427935019135475,World -> Business
"Oracle vs. PeopleSoft: Lies and Lying CEOs Who Tell Them PeopleSoft's board knew that CEO Craig Conway had erred in his comments, so it filed a corrected version of the meeting transcript with the Securities and Exchange Commission.",3,Sci/Tech,Business,0.646400511264801,0.2946909964084625,38,0.0014556034002453089,0.0004343778418842703,0.646400511264801,0.3517095148563385,Sci/Tech -> Business
Is More Aid Needed to Solve Africa's Woes? (Reuters) Reuters - American economist Jeffrey Sachs has a novel way to tackle African poverty: Shower more aid on the world's poorest continent.,0,World,Business,0.6463232636451721,0.31649860739707947,31,0.32982465624809265,0.00044552216422744095,0.6463232636451721,0.02340652421116829,World -> Business
"Google Shows It's Only Human Shares of Google slipped after the search engine warned, for the second time in a week, that its fourth-quarter revenue growth rate is likely to slow from previous quarters.",3,Sci/Tech,Business,0.6460927128791809,0.2943362593650818,34,0.0016933544538915157,0.000457405491033569,0.6460927128791809,0.3517564535140991,Sci/Tech -> Business
"Mexico's 'Fire Volcano' Erupts, No Evacuations Yet (Reuters) Reuters - Mexico's so-called ""Fire Volcano"" spewed lava, glowing rocks and flames on Friday in an eruption that authorities said was not yet serious enough to evacuate nearby villages.",3,Sci/Tech,World,0.6434990763664246,0.3072161376476288,37,0.6434990763664246,0.001592852408066392,0.018625155091285706,0.3362829387187958,Sci/Tech -> World
"Thanks for the Pageviews, Ivan Bad weather has been very good for business at Weather.com and other popular forecasting sites. They are posting record traffic in the wake of Hurricane Ivan's arrival on the mainland. By Joanna Glasner.",2,Business,Sci/Tech,0.6428221464157104,0.29303672909736633,38,0.005668945144861937,0.0017234396655112505,0.3497854173183441,0.6428221464157104,Business -> Sci/Tech
"Gates, Ballmer pay holds at about $900,000 Paychecks stay the same for the top two, but compensation changes for other Microsoft workers as stock grants replace options.",3,Sci/Tech,Business,0.6405310034751892,0.2844405770301819,27,0.0025030027609318495,0.0008756376919336617,0.6405310034751892,0.3560904264450073,Sci/Tech -> Business
"Diesels, Hybrids Fated to Wed Two leading technologies used in fuel-efficient vehicles seem destined to unite. Industry experts say joining hybrid motors with diesel engines would result in the greenest mainstream vehicles ever, and the initial tests are promising.",2,Business,Sci/Tech,0.6388459205627441,0.29510629177093506,39,0.016848096624016762,0.0005663384217768908,0.3437396287918091,0.6388459205627441,Business -> Sci/Tech
"Kerry to reverse stem cell policy US presidential candidate John Kerry says he will make stem cell research a priority, dropping George Bush's policy.",0,World,Sci/Tech,0.638617753982544,0.371339350938797,24,0.26727840304374695,0.0004935815231874585,0.09361035376787186,0.638617753982544,World -> Sci/Tech
"HK Disneyland Theme Park to Open in September Hong Kong's Disneyland theme park will open on Sept. 12, 2005 and become the driving force for growth in the city's tourism industry, Hong Kong's government and Walt Disney Co.",2,Business,World,0.638374924659729,0.3680782616138458,38,0.638374924659729,0.008627349510788918,0.2702966630458832,0.08270107954740524,Business -> World
"I.B.M. Sought a China Partnership, Not Just a Sale Inside I.B.M., the issue of whether to stay in the personal computer business has been debated for a decade. The issue was put to rest last week.",2,Business,Sci/Tech,0.6382852792739868,0.2811247706413269,36,0.0037382803857326508,0.0008159266435541213,0.3571605086326599,0.6382852792739868,Business -> Sci/Tech
Boxer Begs Bush to Back Bum Bill Members of California's congressional team make one last effort to look good for the tech industry back home.,2,Business,Sci/Tech,0.6380982398986816,0.2936626374721527,25,0.016689233481884003,0.0007768479408696294,0.34443560242652893,0.6380982398986816,Business -> Sci/Tech
"Microsoft signs two Indian deals Microsoft is to form multi-million pound partnerships with two Indian software firms, and is expected to double the 1,500 people it already employs in India.",3,Sci/Tech,Business,0.6356909275054932,0.27831605076789856,30,0.006481786724179983,0.00045239078463055193,0.6356909275054932,0.3573748767375946,Sci/Tech -> Business
"Judge: Geico can sue Google, Overture over ads A federal judge in Virginia has ruled that a trademark infringement suit filed by the Government Employees Insurance Co. (GEICO) against Internet search giants Google Inc. and Overture Services Inc. can proceed.",2,Business,Sci/Tech,0.6347087025642395,0.2709449529647827,40,0.0012302581453695893,0.0002973181544803083,0.3637637495994568,0.6347087025642395,Business -> Sci/Tech
"CA aquires computer security firm Computer Associates International Inc., as promised, is back in the acquisition game, scooping up its second computer security company in as many months with an agreement to buy Netegrity Inc.",2,Business,Sci/Tech,0.6344801783561707,0.2706337869167328,35,0.0012889924691990018,0.0003844848251901567,0.36384639143943787,0.6344801783561707,Business -> Sci/Tech
UN deadlock defeats cloning ban The United Nations has shelved efforts to draft a treaty banning the cloning of human embryos in a setback for the Bush administration.,0,World,Sci/Tech,0.6328454613685608,0.274936318397522,28,0.3579091429710388,0.0004869679978583008,0.008758430369198322,0.6328454613685608,World -> Sci/Tech
"Kenyan Laureate Urges Rich Nations to Ratify Kyoto (Reuters) Reuters - Kenya's Nobel Peace Prize winner, Wangari Maathai, on Monday urged wealthy nations to ratify the Kyoto protocol on climate change to ease the burden of pollution on poor countries.",3,Sci/Tech,World,0.6297236680984497,0.27353107929229736,40,0.6297236680984497,0.0007149029988795519,0.013368814252316952,0.35619258880615234,Sci/Tech -> World
"DreamWorks, Pixar rule digital animation DreamWorks and Pixar both make cutting-edge digital animated films. But behind the scenes, the two studios are about as different as Shrek and Mr.",2,Business,Sci/Tech,0.6290012001991272,0.26184502243995667,29,0.002879954408854246,0.0009627205436117947,0.36715617775917053,0.6290012001991272,Business -> Sci/Tech
"BearingPoint CFO Out; Error Found McLean technology consulting company BearingPoint Inc. said yesterday that its chief financial officer, Robert S. Falcone, would retire on Nov. 30.",3,Sci/Tech,Business,0.6277148723602295,0.25742417573928833,26,0.0015410763444378972,0.00045337018673308194,0.6277148723602295,0.37029069662094116,Sci/Tech -> Business
Florida deaths blamed on Hurricane Frances State and local officials Tuesday said nine people have died in Florida because of Hurricane Frances. The following describes those deaths: - A 15-year-old grandson and a former son,1,Sports,Business,0.6238965392112732,0.26646673679351807,35,0.3574298024177551,0.0019711412023752928,0.6238965392112732,0.01670253276824951,Sports -> Business
HP Profit Tops Lowered Forecast (Reuters) Reuters - Hewlett-Packard Co. on Tuesday said quarterly profit topped its own lowered expectations as the computer and printer maker saw record revenues in every business and every region.,2,Business,Sci/Tech,0.6234948635101318,0.25117227435112,35,0.003942691255360842,0.00023982055427040905,0.37232258915901184,0.6234948635101318,Business -> Sci/Tech
"Madrid miffed! The organisers of Madrid's bid complained that Paris had broken the rules by using France's embassies in Oslo and Kuwait to hold events to promote its candidacy, the newspaper said.",1,Sports,World,0.6228809356689453,0.33418476581573486,32,0.6228809356689453,0.28869616985321045,0.08342612534761429,0.004996738396584988,Sports -> World
"Aids warning over bushmeat trade Meat from African wild animals being sold illegally in the UK is spreading a virus similar to HIV, a leading scientist warns.",3,Sci/Tech,World,0.6188082098960876,0.25441548228263855,27,0.6188082098960876,0.000916970893740654,0.015882089734077454,0.3643927276134491,Sci/Tech -> World
Plutonium: rising terror threat The radioactive element could be used to make weapons just as dangerous as enriched uranium bombs.,0,World,Sci/Tech,0.6152909994125366,0.24757671356201172,20,0.3677142858505249,0.0004468908591661602,0.016547828912734985,0.6152909994125366,World -> Sci/Tech
"Blunkett gets tougher on drugs New police powers to prosecute offenders for possession if they test positive for drugs when they are arrested, even if the only drugs they have are in their bloodstream, are to be announced this week.",0,World,Business,0.6139655113220215,0.4225895553827286,40,0.1913759559392929,0.06321736425161362,0.6139655113220215,0.1314411461353302,World -> Business
"USC, Miami Top BCS Standings, Not Okla. Southern California took the top spot Monday in the season's first Bowl Championship Series standings, and surprisingly Miami is ahead of Oklahoma in a close race for the second spot. Oklahoma is No...",0,World,Sports,0.6121984124183655,0.23032256960868835,40,0.3818758428096771,0.6121984124183655,0.0047118631191551685,0.0012138828169554472,World -> Sports
"Rogers Wireless Whistles and Fido Responds Its official. Microcell Telecommunications Fido wireless service will be the new dog in Rogers Wireless Communications Canadian kennel, and that puppy wasnt cheap.",2,Business,Sci/Tech,0.6096854209899902,0.22136136889457703,29,0.0016390221426263452,0.00035151129122823477,0.3883240520954132,0.6096854209899902,Business -> Sci/Tech
"Worldwide PC Market Seen Doubling by 2010 NEW YORK (Reuters) - The number of personal computers worldwide is expected to double to about 1.3 billion by 2010, driven by explosive growth in emerging markets such as China, Russia and India, according to a report released on Tuesday by Forrester Research Inc.",3,Sci/Tech,Business,0.608187735080719,0.2187325358390808,51,0.0020371561404317617,0.0003199320053681731,0.608187735080719,0.3894551992416382,Sci/Tech -> Business
"Microsoft finalises three-year government deal Hot on the heels of its 10-year strategic partnership with the London Borough of Newham, Microsoft is close to signing a new broad three-year public sector agreement with the government.",3,Sci/Tech,Business,0.6073850393295288,0.21850639581680298,35,0.003303274279460311,0.00043299811659380794,0.6073850393295288,0.38887864351272583,Sci/Tech -> Business
"Working Long Hours? Take a Massage Break, Courtesy of Your Boss Companies across the country are offering yoga and meditation classes to help employees relax, reduce stress and recharge.",3,Sci/Tech,Business,0.6071689128875732,0.2291191816329956,29,0.013599561527371407,0.0011818050406873226,0.6071689128875732,0.37804973125457764,Sci/Tech -> Business
"Semiconductor Manufacturing to Boost Capacity by Half (Update2) Semiconductor Manufacturing International Corp., China's biggest supplier of made-to-order chips, said its factory capacity will rise by more than half in the second half as the company brings more plants on line.",3,Sci/Tech,Business,0.6065605282783508,0.21722885966300964,40,0.003731729229912162,0.0003760647668968886,0.6065605282783508,0.3893316686153412,Sci/Tech -> Business
"EA Signs Five-Year Exclusive NFL Deal Electronic Arts announced an exclusive licensing relationships with the National Football League and PLAYERS INC to develop, publish and distribute interactive football games.",1,Sports,Sci/Tech,0.6065125465393066,0.2735861539840698,29,0.003198180580511689,0.3329263925552368,0.05736295133829117,0.6065125465393066,Sports -> Sci/Tech
"Nigerian oil flows despite rebel threat-companies Oil should continue to flow from Nigeria, the world's seventh largest exporter, despite a rebel threat to attack foreign oil workers in an ""all-out war "" due to start on Friday, multinational energy companies said.",0,World,Business,0.6045299172401428,0.21504133939743042,41,0.3894885778427124,0.0004121442325413227,0.6045299172401428,0.005569349974393845,World -> Business
"Boys 'cured' with gene therapy Gene therapy can cure children born with a condition that knocks out their natural defences against infection, mounting evidence shows.",0,World,Sci/Tech,0.6044999361038208,0.2411561906337738,25,0.363343745470047,0.0009154949220828712,0.031240826472640038,0.6044999361038208,World -> Sci/Tech
"Cisco Systems 1st-Quarter Earnings Rise (Reuters) Reuters - Cisco Systems Inc., the biggest maker of equipment that directs data over the Internet, on Tuesday said quarterly earnings rose 29 percent on rising demand for its networking gear.",2,Business,Sci/Tech,0.6038963198661804,0.21080192923545837,37,0.0027739873621612787,0.00023529540339950472,0.39309439063072205,0.6038963198661804,Business -> Sci/Tech
"Four Hurricanes Hurting Florida Economy (AP) AP - Normally at this time of the year, labor contractor Jose Luis Avalos would be assembling a crew of workers who could each earn $1,500 to $2,000 a week in the area's abundant citrus groves.",2,Business,World,0.6014060974121094,0.2178288698196411,42,0.6014060974121094,0.0009382606949657202,0.38357722759246826,0.014078407548367977,Business -> World
"Lawyers In the Limelight By all appearances, Steven Woghin was a lawyer at the top of his game. After years in government service, the former Justice Department attorney had worked his way up to a comfortable six-figure salary and the chief legal job at software maker Computer Associates International Inc.",2,Business,Sci/Tech,0.6010839343070984,0.206599622964859,50,0.002851177006959915,0.001580559415742755,0.3944843113422394,0.6010839343070984,Business -> Sci/Tech
"Nortel to file restated results next year Nortel Networks said today that after months of trying to untangle faulty financial results, it won't file its 2003 and first-half 2004 results until early next year.",3,Sci/Tech,Business,0.6005809903144836,0.20331567525863647,34,0.0016683003632351756,0.00048538550618104637,0.6005809903144836,0.39726531505584717,Sci/Tech -> Business
"Castro Appears on TV Wearing an Arm Sling Five days after falling and fracturing a knee and an arm, Cuban President Fidel Castro appeared on television on Monday with his arm in a sling to announce Cuba will end circulation of the US dollar.",0,World,Business,0.5976123213768005,0.20131883025169373,44,0.3962934911251068,0.0011794152669608593,0.5976123213768005,0.004914760589599609,World -> Business
"Cingular to upgrade wireless data network DECEMBER 01, 2004 (REUTERS) - Cingular Wireless LLC, the largest US wireless telephone company, said yesterday that it would upgrade its network next year to handle high-speed data transmissions.",2,Business,Sci/Tech,0.5970415472984314,0.19592911005020142,35,0.001548917149193585,0.0002970882342197001,0.40111243724823,0.5970415472984314,Business -> Sci/Tech
"Intel drops prices on computer chips SAN FRANCISCO - Intel Corp. has cut prices on its computer chips by as much as 35 percent, though analysts on Monday said the cuts were probably unrelated to swelling inventories of the world's largest chip maker.",3,Sci/Tech,Business,0.5961799025535583,0.1948775053024292,43,0.002041766420006752,0.0004759503644891083,0.5961799025535583,0.40130239725112915,Sci/Tech -> Business
Red Hat replaces CFO Charles Peters Jr. is taking over as the company deals with the aftereffects of restating its earnings for the past three fiscal years.,3,Sci/Tech,Business,0.5948150753974915,0.19292297959327698,27,0.0026925373822450638,0.0006002155714668334,0.5948150753974915,0.4018920958042145,Sci/Tech -> Business
"Texas Instruments Plans Buyback (Reuters) Reuters - Texas Instruments Inc., the largest maker of chips for cellular phones, on Thursday said it plans to buy back $1 billion in stock and boost its quarterly dividend by more than 17 percent, becoming the latest technology company to return extra cash to investors.",3,Sci/Tech,Business,0.5903582572937012,0.18730658292770386,51,0.006319211330264807,0.00027085604961030185,0.5903582572937012,0.4030516743659973,Sci/Tech -> Business
"Strong Server, PC Sales Boost Microsoft Revenue The company's earnings beat Wall Street expectations.",3,Sci/Tech,Business,0.589400053024292,0.1817406415939331,14,0.0027401947882026434,0.0002002818218898028,0.589400053024292,0.4076594114303589,Sci/Tech -> Business
"Dogs said to smell cancer signs LONDON -- It has long been suspected that man's best friend has a special ability to sense when something is wrong with us. Now, the first experiment to verify that scientifically has demonstrated that dogs are able to smell cancer.",0,World,Sci/Tech,0.5867429971694946,0.22124823927879333,46,0.3654947578907013,0.001995173981413245,0.04576704651117325,0.5867429971694946,World -> Sci/Tech
"What they said about ... ... Cherie Blair Cherie Blair cast aside her treasured privacy this week, touring newspapers offices and television studios to promote The Goldfish Bowl, her new book, which focuses on Downing Street spouses.",0,World,Business,0.5857073664665222,0.2308121621608734,37,0.3548952043056488,0.0038481545634567738,0.5857073664665222,0.05554927513003349,World -> Business
"Appeals court faults Oracle in shareholder suit Judges send case back to lower court to sort out allegations of improper bookkeeping and ""suspicious"" stock sales.",3,Sci/Tech,Business,0.5844205617904663,0.17171278595924377,25,0.0025372651871293783,0.0003343977441545576,0.5844205617904663,0.41270777583122253,Sci/Tech -> Business
"Intel dauphin Otellini becomes king Intel's board has given the go ahead for the long anticipated shift in power from current CEO Craig Barrett to current President Paul Otellini Come May 18, Otellini will take over the chipmaker and become its fifth ever CEO.",2,Business,Sci/Tech,0.5824316740036011,0.1668909192085266,44,0.0014736475422978401,0.0005539311678148806,0.41554075479507446,0.5824316740036011,Business -> Sci/Tech
HONDA LINKED WITH BAR TAKEOVER BAR's engine partner Honda is believed to be interested in purchasing the Brackley team and a deal could be done within the next 12 months.,1,Sports,Business,0.5821322798728943,0.21170875430107117,30,0.009855917654931545,0.3704235255718231,0.5821322798728943,0.03758824244141579,Sports -> Business
"Internosis Will Relocate To Greenbelt in October Internosis Inc., an information technology company in Arlington, plans to move its headquarters to Greenbelt in October. The relocation will bring 170 jobs to Prince George's County.",3,Sci/Tech,Business,0.5804561972618103,0.1634017527103424,34,0.0019394437549635768,0.0005499153048731387,0.5804561972618103,0.4170544445514679,Sci/Tech -> Business
"HAYLEY MICK: Hayley Mick is a journalist currently based in Vancouver. She has broadcast experience with CBC Radio's Quirks and Quarks and has reported for the Vancouver Sun, CBC Online, and the Canadian Press's Ontario and Vancouver bureaus.",0,World,Business,0.5804503560066223,0.2897540032863617,38,0.1152440533041954,0.013609301298856735,0.5804503560066223,0.2906963527202606,World -> Business
California group sues Albertson's over privacy concerns A California-based privacy advocacy group is suing supermarket giant Albertson's over alleged privacy violations involving its pharmacy customers.,3,Sci/Tech,Business,0.5797426700592041,0.1628148853778839,25,0.0030494360253214836,0.00028010804089717567,0.5797426700592041,0.4169277846813202,Sci/Tech -> Business
IBM reported to be exiting PC business IBM's possible exit from the personal-computer business would be the latest move in what amounts to a long goodbye from a field it pioneered and revolutionized.,2,Business,Sci/Tech,0.5787299275398254,0.16066139936447144,33,0.0025570762809365988,0.0006444052560254931,0.418068528175354,0.5787299275398254,Business -> Sci/Tech
"China succeeds in cooling economy, but 2005 likely to prove just as tough (AFP) AFP - China can claim some success in the battle to cool its roaring economy in 2004 with a series of macro policies helping prevent another boom-bust cycle, but much remains to be done if Beijing is to avoid increasing wrangles with trade partners.",2,Business,World,0.5762752294540405,0.16450902819633484,58,0.5762752294540405,0.0004900784697383642,0.4117662012577057,0.011468451470136642,Business -> World
"The Kid Stays in His Home, Dressed in PJ's, With a Live Mike Robert Evans, the fabled Hollywood producer and man about town, will be enjoying his latest gig, as a satellite radio talk-show host, from the comfort of his home.",3,Sci/Tech,Business,0.5718497633934021,0.3576723486185074,41,0.15070147812366486,0.06327132135629654,0.5718497633934021,0.21417741477489471,Sci/Tech -> Business
Two top Nokia executives resign HELSINKI: Nokia said the respected head of its networks unit had resigned and another top networks official left in the second major departure of top management in two weeks at the world's largest mobile phone maker.,2,Business,Sci/Tech,0.5715844631195068,0.14681851863861084,41,0.003187214955687523,0.00046228873543441296,0.424765944480896,0.5715844631195068,Business -> Sci/Tech
"When Wireless Networks Merge Now that its $41 billion takeover of AT T Wireless has been completed, Cingular will spend hundreds of millions of dollars in coming weeks on its advertising campaign.",3,Sci/Tech,Business,0.571583092212677,0.14539459347724915,32,0.0018519776640459895,0.0003764507418964058,0.571583092212677,0.42618849873542786,Sci/Tech -> Business
"IMF, World Bank look to keep global recovery strong (AFP) AFP - Facing a global economy on the mend but threatened by surging oil prices and other factors, IMF and World Bank policymakers opened two days of meetings Saturday to discuss ways to keep the recovery on track.",2,Business,World,0.568760871887207,0.14483141899108887,48,0.568760871887207,0.0003802718420047313,0.42392945289611816,0.006929404567927122,Business -> World
"Oracle v. Peoplesoft: the joke is on... Opinion I thought it was a joke when Oracle first announced that it was going to try to buy PeopleSoft; or, at best, a spoiling tactic over PeopleSoft's acquisition of JD Edwards.",2,Business,Sci/Tech,0.5661633014678955,0.13421359658241272,39,0.0013460783520713449,0.0005408850265666842,0.4319497048854828,0.5661633014678955,Business -> Sci/Tech
"No tax on Internet access until at least 2007 Consumers won't have to pay a tax to log on to the Internet until at least 2007, after Congress voted Friday to renew a recently lapsed ban on Internet taxation.",2,Business,Sci/Tech,0.5634934306144714,0.13072934746742249,39,0.0032191951759159565,0.000523263996001333,0.43276408314704895,0.5634934306144714,Business -> Sci/Tech
"China, Argentina sign 5 cooperation documents China and Argentina signed five agreements in Buenos Aires Tuesday that will allow them to expand cooperation in the areas of trade, space, education, tourism and railways.",2,Business,World,0.5629252791404724,0.18148398399353027,33,0.5629252791404724,0.0007815833669155836,0.38144129514694214,0.054851822555065155,Business -> World
"India, Russia must join hands to develop new tech: Putin Mr Vladimir V. Putin, President of the Russian Federation, Mr NR Narayana Murthy, Chief Mentor and Chairman, Infosys, and Mr Nandan Nilekani, CEO and Managing Director, at the Infosys campus in Bangalore on Sunday.",0,World,Sci/Tech,0.562563419342041,0.16113829612731934,44,0.03519589081406593,0.0008156389812938869,0.4014251232147217,0.562563419342041,World -> Sci/Tech
"Broadcom taps ex-Philips executive as CEO Scott McGregor, former head of Royal Philips Electronics' semiconductor division, will replace Alan Ross, who plans to retire.",3,Sci/Tech,Business,0.5585507154464722,0.11999979615211487,24,0.0025077294558286667,0.00039072614163160324,0.5585507154464722,0.4385509192943573,Sci/Tech -> Business
DOJ won't appeal Oracle ruling WASHINGTON - The U.S. Department of Justice (DOJ) will not appeal a ruling by a California judge that would allow Oracle Corp.'s proposed hostile takeover of competing software vendor PeopleSoft Inc.,3,Sci/Tech,Business,0.5585398077964783,0.11912781000137329,36,0.001671629142947495,0.00037649122532457113,0.5585398077964783,0.439411997795105,Sci/Tech -> Business
"Lawyer for Bush Quits Over Links to Kerry's Foes The quick resignation suggests that the Bush campaign, which has repeatedly said it has no ties to the Swift boat veterans group, is eager to put the issue behind it.",0,World,Business,0.557715117931366,0.20560970902442932,39,0.35210540890693665,0.003976523410528898,0.557715117931366,0.08620297163724899,World -> Business
"Gators may be hungover before Cocktail Party ike the bourbon and beer, emotions tend to spill over in this traditional grudge match along the St. Johns River they call ""The World's Largest Outdoor Cocktail Party.",1,Sports,Business,0.5568740963935852,0.26292887330055237,35,0.05681048333644867,0.29394522309303284,0.5568740963935852,0.09237023442983627,Sports -> Business
US Bells Do Video on Path Blazed by Small Telcos The three largest US local telephone corporations made a splash this summer with plans to sell video services on their voice and data lines in a few years.,2,Business,Sci/Tech,0.5517552495002747,0.10621780157089233,38,0.0022546418476849794,0.0004526548145804554,0.4455374479293823,0.5517552495002747,Business -> Sci/Tech
"FDA OKs Scientist Publishing Vioxx Data (AP) AP - The Food and Drug Administration has given a whistle-blower scientist permission to publish data indicating that as many as 139,000 people had heart attacks that may be linked to Vioxx, the scientist's lawyer said Monday.",0,World,Sci/Tech,0.550208330154419,0.11518552899360657,44,0.4350228011608124,0.00151429686229676,0.013254615478217602,0.550208330154419,World -> Sci/Tech
"Microsoft Opens Software Development Center in India (Update3) Microsoft Corp., the world's largest software maker, will hire several hundred ' ' people in the next year at its development center in India, expanding its workforce of 800, Chief Executive Steve Ballmer said.",2,Business,Sci/Tech,0.5497281551361084,0.10584947466850281,42,0.005904447287321091,0.0004887287504971027,0.4438786804676056,0.5497281551361084,Business -> Sci/Tech
"PC Sales Hot For 2004, But Will Soon Cool Off PC shipments in the second quarter grew faster than any three-month period since 1999, IDC said Monday, citing the continued pent-up demand for replacement systems as the driving force behind the sales surge.",2,Business,Sci/Tech,0.5463225245475769,0.09438532590866089,43,0.0013362416066229343,0.00040402234299108386,0.451937198638916,0.5463225245475769,Business -> Sci/Tech
"Make hotels just like home HOTEL operators, take note: Todays hotel guests are making a nonsense of room-pricing strategies with their aggressive, Internet-aided discount-hunting.",3,Sci/Tech,Business,0.5442010760307312,0.09318536520004272,24,0.0041090440936386585,0.0006741266697645187,0.5442010760307312,0.4510157108306885,Sci/Tech -> Business
Hope Fades for Saving 2 Boys Stuck in Mexico Cave (Reuters) Reuters - Hopes of rescuing two small boys trapped for five days in a jungle cave faded fast on Friday after contact was lost with the brothers and as the cavern flooded in overnight rains.,3,Sci/Tech,World,0.5420441627502441,0.10376191139221191,46,0.5420441627502441,0.00408277427777648,0.015590766444802284,0.4382822513580322,Sci/Tech -> World
"Plan B Proposes Its Own Alternatives Donnie Downs, president and chief executive of Plan B Technologies Inc., said the company itself is a ""plan B.""",3,Sci/Tech,Business,0.5383425951004028,0.07963505387306213,25,0.0023964322172105312,0.0005534260999411345,0.5383425951004028,0.4587075412273407,Sci/Tech -> Business
"The Hunt for a Hybrid The Aug. 23 front-page article on the Toyota Prius vs. the Honda Civic implied that the main reason people prefer the Prius was its ""geek-chic look "" and the image buyers want.",2,Business,Sci/Tech,0.5383023023605347,0.08408880233764648,37,0.004622571170330048,0.00286164041608572,0.4542135000228882,0.5383023023605347,Business -> Sci/Tech
"Election chaos? (U.S. News World Report) U.S. News World Report - Michael Cadigan's day job is practicing commercial law in Albuquerque. But over eggs at the trendy Gold Street Caffe in the heart of downtown, he and a dozen other lawyers are immersing themselves in the intricacies of election law. On Election Day, they plan to be out in force for Democrat John Kerry at polling places across New Mexico, where Al Gore won in 2000 by just 366 votes. ""We know there was a lot of monkey business with counting ballots before, "" says Cadigan. ""We want to make sure that doesn't happen again. ...",0,World,Sci/Tech,0.5344728231430054,0.09312084317207336,106,0.441351979970932,0.0016422533662989736,0.022532982751727104,0.5344728231430054,World -> Sci/Tech
"The Bag of Aeolus ""Aeolus was keeper of the winds. He gave a bag of evil winds to Odysseus, instructing him to keep it closed while a good breeze wafted him home.",0,World,Sci/Tech,0.5337742567062378,0.307496577501297,32,0.2262776792049408,0.09011866897344589,0.1498294621706009,0.5337742567062378,World -> Sci/Tech
Level 3 Acquires Sprint's Wholesale Dial-Up Internet Business Level 3 today announced that it has purchased Sprint's wholesale dial-up Internet access business for $34 million in cash. Sprint is one of the largest providers of wholesale dial-up service to ISPs in North America.,2,Business,Sci/Tech,0.5336130857467651,0.06927540898323059,43,0.0017363791121169925,0.0003128398966509849,0.46433767676353455,0.5336130857467651,Business -> Sci/Tech
"Clicking on Profits The latest data from the US Department of Commerce further bolsters what we have all suspected: E-commerce sales are increasing. Not only might one suspect that consumer confidence has been bolstered since last year, there ...",2,Business,Sci/Tech,0.5322188138961792,0.06782257556915283,39,0.0029185509774833918,0.00046641737571917474,0.46439623832702637,0.5322188138961792,Business -> Sci/Tech
"Google shares released for sale Employees and some investors in Google will be able to sell shares in the company as the latest ""lockup"" phase on sales ends.",2,Business,Sci/Tech,0.5273761749267578,0.057195067405700684,28,0.002056288765743375,0.00038638952537439764,0.47018110752105713,0.5273761749267578,Business -> Sci/Tech
Is PeopleSoft waiting for the right price? A company board member testifies in trial that a sale would be possible if Oracle ups its offer.,3,Sci/Tech,Business,0.5268685817718506,0.056049853563308716,25,0.0018704744288697839,0.0004422152996994555,0.5268685817718506,0.47081872820854187,Sci/Tech -> Business
"Global sales of mobile phones hit record levels PARIS Global cellphone sales rose to record levels in the second quarter as Nokia clawed back some of its lost market share, according to figures released Thursday.",3,Sci/Tech,Business,0.5265786051750183,0.055863380432128906,35,0.0024185958318412304,0.00028751816716976464,0.5265786051750183,0.4707152247428894,Sci/Tech -> Business
"Microsoft Settles Novell Antitrust Suit (Reuters) Reuters - Microsoft Corp. said on Monday it agreed to settle antitrust lawsuits with Novell Inc. and an industry trade group, marking the end of a decade-long antitrust battle.",2,Business,Sci/Tech,0.5248456597328186,0.05391111969947815,35,0.00395847437903285,0.00026125743170268834,0.47093454003334045,0.5248456597328186,Business -> Sci/Tech
Flower power turns up the volume A Japanese company has come up with a way of turning flowers into loudspeakers.,3,Sci/Tech,Business,0.524482786655426,0.1046609878540039,20,0.05456887185573578,0.0011265514185652137,0.524482786655426,0.4198217988014221,Sci/Tech -> Business
"Arrowhead: It still is pointing the way In comparison to its contemporaries it could be termed a modern marvel, an example of how to do things right when everyone else was doing things wrong.",1,Sports,Sci/Tech,0.5188868045806885,0.23861977458000183,34,0.045307908207178116,0.15553827583789825,0.28026703000068665,0.5188868045806885,Sports -> Sci/Tech
PeopleSoft sweetens employee compensation Business software maker PeopleSoft Friday said it was boosting compensation packages for all employees except its chief executive in a move that would raise the,2,Business,Sci/Tech,0.5180503129959106,0.0381493866443634,29,0.0016660619294270873,0.0003827321925200522,0.47990092635154724,0.5180503129959106,Business -> Sci/Tech
"Alamosa Offers to Buy AirGate (Reuters) Reuters - Alamosa Holdings Inc. said on Monday it made an unsolicited bid for AirGate PCS Inc. worth about $380 million, which would create one of the largest sellers of wireless telephone service under the Sprint brand.",3,Sci/Tech,Business,0.5169905424118042,0.03732612729072571,43,0.00298992614261806,0.00035515715717338026,0.5169905424118042,0.4796644151210785,Sci/Tech -> Business
"Residents Protest Nation's First Hydrogen Refueling Station Two dozen protesters greeted Mayor Tony Williams and top executives of Shell, who came to open North America's first hydrogen refueling station.",2,Business,Sci/Tech,0.5133315920829773,0.06361013650894165,29,0.0365929938852787,0.0003539711469784379,0.44972145557403564,0.5133315920829773,Business -> Sci/Tech
"Health Care Technology Is a Promise Unfinanced While the Bush administration's words of support for a high-technology future for health care have been plentiful, the dollars, it seems, are scarce.",3,Sci/Tech,Business,0.5107118487358093,0.030067503452301025,30,0.00799246970564127,0.0006512730615213513,0.5107118487358093,0.4806443452835083,Sci/Tech -> Business
Time to look overseas for a healthier 401(k) I change the mutual funds in my 401(k) plan about as often as the Red Sox win the World Series.,2,Business,Sports,0.5101296305656433,0.046317875385284424,28,0.0154296038672328,0.5101296305656433,0.4638117551803589,0.01062899362295866,Business -> Sports
"EU Accuses Microsoft of Paternal View Microsoft Corp. said Friday that small companies and their customers would suffer most if it is forced to remove its digital media software from Windows, while the European Union accused it of being ""paternalistic"" in trying to decide what's best for everyone.",3,Sci/Tech,Business,0.5091886520385742,0.023021280765533447,48,0.0042010205797851086,0.00044291946687735617,0.5091886520385742,0.48616737127304077,Sci/Tech -> Business
"Nortel Downsizes Again Aug. 23, 2004 (TheDeal.com) Problem-plagued Nortel Networks Corp. announced plans Thursday, Aug. 19, to eliminate an additional 3,500 jobs and fire seven more senior executives as the company labors to reinvent",2,Business,Sci/Tech,0.5089858770370483,0.02053198218345642,34,0.002134941751137376,0.000425292004365474,0.4884538948535919,0.5089858770370483,Business -> Sci/Tech
"Stability Control Systems Can Save Lives (AP) AP - Stability control systems could save up to 7,000 lives each year if they were standard equipment on all vehicles, according to a study by the insurance industry.",0,World,Sci/Tech,0.5026261806488037,0.09103891253471375,36,0.41158726811408997,0.0011553926160559058,0.08463110029697418,0.5026261806488037,World -> Sci/Tech
"Mamma Search is Buying Copernic Mamma Search is Buying Copernic Mamma.com Inc., the paid search company, and Copernic Technologies Inc. announced that Mamma has signed a letter of intent where they will acquire all of the shares of Copernic Technologies for a combination of cash and shares of Mamma.com Inc. The closing of the acquisition will ...",3,Sci/Tech,Business,0.5014348030090332,0.004724591970443726,57,0.0014222554164007306,0.00043271356844343245,0.5014348030090332,0.4967102110385895,Sci/Tech -> Business
"Glory Comes Amid Empty Seats and Closed Shutters HERE in Old Europe, people install shutters outside their windows to keep out the heat, the pollution, the daylight, the noise. They also lock the shutters tight when they go away on holiday.",1,Sports,World,0.49204525351524353,0.20047509670257568,41,0.49204525351524353,0.03226594626903534,0.29157015681266785,0.18411868810653687,Sports -> World
Staying or Going? Some Possibilities if Bush Wins President Bush plans major changes in his Cabinet if he wins a second term -- perhaps nominating the first female defense secretary and first black attorney general -- but very little change among the small group of his closest advisers.,0,World,Business,0.48289185762405396,0.06797647476196289,48,0.41491538286209106,0.0027428781613707542,0.48289185762405396,0.09944979846477509,World -> Business
"UBS pays 265 million dollars for Schwab capital markets business (AFP) AFP - Swiss banking group UBS said that it had paid 265 million dollars (219 million euros) to buy SoundView, the capital markets division of online broker Charles Schwab to strengthen its position on the US Nasdaq market.",2,Business,Sci/Tech,0.479752779006958,0.0513475239276886,49,0.4284052550792694,0.0006102327606640756,0.09123170375823975,0.479752779006958,Business -> Sci/Tech
"Conte goes on TV and names names As the bassist for the pop-funk band Tower of Power, Victor Conte laid down a song's backbone by playing a predetermined series of notes.",1,Sports,Sci/Tech,0.47966477274894714,0.16297686100006104,31,0.3166879117488861,0.037822164595127106,0.16582514345645905,0.47966477274894714,Sports -> Sci/Tech
Honda aiming for BAR buyout? Motorsport.com. Reports this week suggest that Honda is aiming to either buy BAR or become co-owner of the team by purchasing a shareholding.,1,Sports,Business,0.4775533676147461,0.03300052881240845,28,0.008335483260452747,0.44455283880233765,0.4775533676147461,0.06955832242965698,Sports -> Business
Tough to predict a hurricane landfall this season's busy season of landfalling Atlantic hurricanes has seen a few less-than-perfect calls by tropical,3,Sci/Tech,Business,0.464764803647995,0.1900629699230194,22,0.2747018337249756,0.0058921570889651775,0.464764803647995,0.25464117527008057,Sci/Tech -> Business
FleetCenter to be reunion arena It has all the gossipy intrigue and social awkwardness of seating the still-respected ex-wife and the sexy new girlfriend at the same table for a family wedding.,1,Sports,Business,0.46332240104675293,0.031657904386520386,32,0.02803569845855236,0.43166449666023254,0.46332240104675293,0.07697735726833344,Sports -> Business
"Study raises stent doubts Heart patients aren't more likely to live long term after getting the artery-opening tubes called stents, according to a study released yesterday by researchers at Duke University.",2,Business,Sci/Tech,0.461180716753006,0.024574309587478638,31,0.0993288978934288,0.00288405385799706,0.43660640716552734,0.461180716753006,Business -> Sci/Tech
"Ecuadorean Lawsuit Vs Texaco Boils Down to Science (Reuters) Reuters - After a decade of court battles, lawyers on Wednesday took a lawsuit by Ecuadorean Indians accusing U.S. oil firm ChevronTexaco Corp.. of polluting the Amazon jungle into the field.",3,Sci/Tech,Business,0.4602554738521576,0.17140844464302063,40,0.249546080827713,0.0013514062156900764,0.4602554738521576,0.28884702920913696,Sci/Tech -> Business
"Without Batting An Eyelash : A very French welcome for a new <b>...</b> THAT night, it seemed as if three or four parties were going on at once in Cosmo Manille. Wrong, palanggas. Actually, there were five in Makati alone, and one of them had a stream of traffic",2,Business,World,0.4531838893890381,0.14410588145256042,49,0.4531838893890381,0.18022190034389496,0.30907800793647766,0.057516276836395264,Business -> World
"Future Doctors, Crossing Borders Students at the Mount Sinai School of Medicine learn that diet and culture shape health in East Harlem.",0,World,Business,0.4463304281234741,0.011797726154327393,22,0.43453270196914673,0.0014291005209088326,0.4463304281234741,0.1177077516913414,World -> Business
A wandering Congress trips over the US Constitution That is the one-word message of advice that citizens wanted to send to members of Congress at the end of last week. Both the House of Representatives and the Senate looked as if they are having trouble seizing,2,Business,World,0.44342201948165894,0.041649580001831055,46,0.44342201948165894,0.00738332886248827,0.4017724394798279,0.1474221646785736,Business -> World
14 Nations to Participate in Plan to Reduce Methane Thirteen countries agreed yesterday to join a global plan proposed by the Bush administration to curb methane emissions by capturing the greenhouse gas and using it as an energy source before it is released into the atmosphere.,3,Sci/Tech,World,0.4414798319339752,0.0594768226146698,46,0.4414798319339752,0.0005327769904397428,0.17598436772823334,0.3820030093193054,Sci/Tech -> World
'Money woes' foiled Beagle 2 shot A report into the loss of British Mars probe Beagle 2 blames the UK government's failure to commit funds early.,3,Sci/Tech,World,0.4339387118816376,0.05386972427368164,26,0.4339387118816376,0.0012009497731924057,0.1847914308309555,0.38006898760795593,Sci/Tech -> World
Producer sues for Rings profits Hollywood producer Saul Zaentz sues the producers of The Lord of the Rings for $20m in royalties.,0,World,Business,0.39560866355895996,0.05712434649467468,22,0.2633676826953888,0.002539339242503047,0.39560866355895996,0.3384843170642853,World -> Business
Next Big Hit at the Modern: Its Reopening The buzz over the greatly enlarged museum is expected to turn into a cacophony on Saturday.,0,World,Sci/Tech,0.3713543117046356,0.07537186145782471,24,0.26465824246406555,0.06800495088100433,0.2959824502468109,0.3713543117046356,World -> Sci/Tech
